고객사ID,가입일,산업군,요금제,좌석수,월구독료,이탈여부
C00001,2023-07-26,제조,Basic,2,58000,1
C00002,2022-01-18,공공,Pro,4,396000,0
C00003,2024-03-27,의료,Pro,5,495000,1
C00004,2023-06-18,의료,Pro,5,495000,0
C00005,2023-12-17,IT/SW,Pro,5,495000,0
C00006,2023-02-15,유통/이커머스,Basic,1,29000,0
C00007,2023-07-02,의료,Pro,4,396000,0
C00008,2022-02-14,IT/SW,Basic,2,58000,0
C00009,2024-01-18,스타트업,Pro,4,396000,0
C00010,2022-05-21,의료,Basic,3,87000,0
C00011,2023-03-09,스타트업,Pro,10,990000,0
C00012,2023-09-19,스타트업,Enterprise,27,10530000,0
C00013,2023-04-30,교육,Basic,1,29000,1
C00014,2022-08-01,제조,Pro,2,198000,0
C00015,2022-11-06,교육,Basic,2,58000,0
C00016,2023-01-26,IT/SW,Pro,8,792000,0
C00017,2022-05-10,제조,Basic,1,29000,0
C00018,2023-05-07,금융,Pro,2,198000,0
C00019,2023-04-28,유통/이커머스,Pro,6,594000,0
C00020,2023-08-14,IT/SW,Basic,1,29000,0
C00021,2023-12-06,제조,Basic,1,29000,0
C00022,2022-03-27,IT/SW,Enterprise,36,14040000,0
C00023,2023-10-13,유통/이커머스,Basic,3,87000,0
C00024,2022-06-21,금융,Enterprise,41,15990000,1
C00025,2022-09-20,공공,Basic,3,87000,0
C00026,2024-01-25,교육,Enterprise,20,7800000,0
C00027,2022-06-15,금융,Basic,1,29000,0
C00028,2024-02-28,IT/SW,Basic,1,29000,0
C00029,2022-05-01,공공,Enterprise,28,10920000,0
C00030,2023-09-02,IT/SW,Basic,2,58000,0
C00031,2022-11-06,교육,Pro,4,396000,0
C00032,2023-03-15,스타트업,Pro,6,594000,0
C00033,2023-04-24,제조,Basic,1,29000,0
C00034,2024-01-28,교육,Basic,1,29000,0
C00035,2024-03-29,제조,Enterprise,27,10530000,0
C00036,2023-01-24,유통/이커머스,Enterprise,25,9750000,0
C00037,2023-01-08,교육,Basic,1,29000,1
C00038,2023-07-16,공공,Pro,4,396000,1
C00039,2023-06-09,공공,Pro,7,693000,0
C00040,2022-04-08,유통/이커머스,Pro,3,297000,1
C00041,2022-02-14,교육,Enterprise,22,8580000,0
C00042,2022-12-10,의료,Basic,3,87000,0
C00043,2023-08-19,IT/SW,Basic,1,29000,0
C00044,2024-03-17,스타트업,Pro,5,495000,0
C00045,2022-07-11,교육,Basic,1,29000,0
C00046,2023-07-03,유통/이커머스,Pro,4,396000,0
C00047,2024-04-07,유통/이커머스,Basic,1,29000,0
C00048,2023-03-07,금융,Basic,1,29000,0
C00049,2024-03-10,금융,Basic,2,58000,0
C00050,2024-02-21,금융,Pro,6,594000,1
C00051,2022-06-08,의료,Pro,6,594000,0
C00052,2022-03-07,유통/이커머스,Pro,8,792000,0
C00053,2022-03-22,스타트업,Pro,6,594000,1
C00054,2023-09-04,교육,Basic,1,29000,0
C00055,2022-07-25,금융,Basic,1,29000,0
C00056,2023-03-04,제조,Basic,2,58000,0
C00057,2022-01-12,공공,Pro,5,495000,0
C00058,2024-04-10,IT/SW,Pro,2,198000,1
C00059,2022-01-19,IT/SW,Basic,2,58000,0
C00060,2023-12-10,금융,Basic,3,87000,0
C00061,2024-01-25,유통/이커머스,Pro,6,594000,0
C00062,2024-06-08,유통/이커머스,Basic,2,58000,0
C00063,2022-05-20,스타트업,Pro,7,693000,0
C00064,2024-05-15,IT/SW,Pro,4,396000,0
C00065,2023-08-17,공공,Enterprise,35,13650000,0
C00066,2022-10-05,스타트업,Basic,4,116000,1
C00067,2024-05-16,스타트업,Basic,1,29000,0
C00068,2023-10-03,IT/SW,Basic,1,29000,0
C00069,2022-03-31,의료,Enterprise,28,10920000,0
C00070,2022-02-22,공공,Basic,1,29000,0
C00071,2023-05-04,스타트업,Enterprise,27,10530000,0
C00072,2022-07-16,스타트업,Pro,7,693000,0
C00073,2023-06-23,공공,Basic,1,29000,0
C00074,2022-10-26,IT/SW,Enterprise,46,17940000,0
C00075,2024-03-23,유통/이커머스,Pro,4,396000,1
C00076,2023-07-15,제조,Basic,1,29000,0
C00077,2023-04-30,유통/이커머스,Basic,1,29000,0
C00078,2022-02-26,유통/이커머스,Basic,3,87000,1
C00079,2022-05-20,금융,Pro,7,693000,0
C00080,2022-02-17,교육,Pro,5,495000,0
C00081,2022-09-13,IT/SW,Basic,1,29000,0
C00082,2022-05-28,공공,Pro,5,495000,0
C00083,2023-09-13,교육,Pro,4,396000,0
C00084,2023-03-03,IT/SW,Enterprise,32,12480000,0
C00085,2022-12-09,제조,Enterprise,31,12090000,0
C00086,2023-12-04,IT/SW,Basic,1,29000,0
C00087,2022-07-14,유통/이커머스,Pro,4,396000,0
C00088,2022-06-10,공공,Pro,4,396000,0
C00089,2023-05-18,금융,Basic,1,29000,1
C00090,2022-07-27,유통/이커머스,Basic,1,29000,1
C00091,2023-07-24,유통/이커머스,Basic,2,58000,0
C00092,2022-07-05,IT/SW,Pro,4,396000,0
C00093,2022-05-30,스타트업,Basic,1,29000,1
C00094,2022-03-28,제조,Basic,1,29000,0
C00095,2024-06-06,IT/SW,Basic,1,29000,0
C00096,2023-12-18,IT/SW,Basic,1,29000,0
C00097,2022-01-16,스타트업,Pro,5,495000,1
C00098,2024-01-17,유통/이커머스,Enterprise,38,14820000,0
C00099,2023-11-01,스타트업,Enterprise,33,12870000,0
C00100,2023-01-02,금융,Pro,8,792000,0
C00101,2022-10-21,유통/이커머스,Pro,4,396000,0
C00102,2023-09-22,교육,Enterprise,32,12480000,1
C00103,2023-03-23,금융,Pro,4,396000,0
C00104,2022-10-20,교육,Basic,1,29000,1
C00105,2022-01-23,교육,Pro,4,396000,0
C00106,2022-03-07,공공,Pro,8,792000,0
C00107,2022-11-02,금융,Basic,1,29000,0
C00108,2023-02-27,유통/이커머스,Basic,1,29000,0
C00109,2022-01-08,공공,Basic,2,58000,1
C00110,2023-11-14,제조,Basic,1,29000,0
C00111,2023-08-02,공공,Basic,1,29000,0
C00112,2024-03-05,스타트업,Pro,5,495000,0
C00113,2023-10-03,유통/이커머스,Basic,1,29000,1
C00114,2023-05-12,금융,Pro,5,495000,1
C00115,2024-01-15,제조,Basic,1,29000,0
C00116,2022-06-01,IT/SW,Pro,8,792000,0
C00117,2024-02-21,공공,Basic,4,116000,0
C00118,2023-09-08,공공,Basic,1,29000,0
C00119,2023-04-08,의료,Basic,2,58000,0
C00120,2023-12-18,금융,Basic,1,29000,0
C00121,2022-05-06,교육,Pro,4,396000,0
C00122,2023-10-29,교육,Enterprise,30,11700000,0
C00123,2022-10-25,제조,Enterprise,33,12870000,1
C00124,2022-02-19,의료,Pro,1,99000,1
C00125,2022-06-24,IT/SW,Basic,1,29000,0
C00126,2022-02-12,유통/이커머스,Basic,1,29000,1
C00127,2022-05-21,교육,Enterprise,37,14430000,1
C00128,2022-12-04,금융,Basic,1,29000,0
C00129,2023-06-06,제조,Enterprise,28,10920000,1
C00130,2022-11-28,제조,Pro,6,594000,1
C00131,2023-11-21,공공,Basic,1,29000,0
C00132,2023-10-11,금융,Pro,9,891000,0
C00133,2022-04-18,교육,Basic,1,29000,0
C00134,2023-05-24,유통/이커머스,Enterprise,22,8580000,0
C00135,2024-06-04,제조,Enterprise,42,16380000,0
C00136,2023-12-30,공공,Basic,1,29000,0
C00137,2023-06-21,유통/이커머스,Pro,3,297000,0
C00138,2023-03-27,교육,Basic,1,29000,0
C00139,2022-08-16,유통/이커머스,Enterprise,24,9360000,0
C00140,2023-01-10,제조,Basic,1,29000,0
C00141,2023-03-15,유통/이커머스,Pro,8,792000,0
C00142,2023-07-22,유통/이커머스,Basic,1,29000,0
C00143,2023-10-19,의료,Basic,1,29000,0
C00144,2022-09-18,유통/이커머스,Basic,1,29000,1
C00145,2022-03-18,의료,Enterprise,28,10920000,0
C00146,2023-06-20,제조,Basic,2,58000,0
C00147,2024-01-28,IT/SW,Basic,1,29000,0
C00148,2022-09-28,IT/SW,Basic,2,58000,0
C00149,2023-07-28,제조,Basic,1,29000,0
C00150,2022-07-14,교육,Basic,2,58000,1
C00151,2022-02-11,금융,Pro,9,891000,0
C00152,2023-01-15,유통/이커머스,Basic,1,29000,0
C00153,2024-06-16,의료,Basic,1,29000,1
C00154,2022-03-07,교육,Basic,1,29000,0
C00155,2024-06-04,유통/이커머스,Basic,1,29000,0
C00156,2022-06-23,금융,Pro,5,495000,0
C00157,2023-04-07,교육,Pro,7,693000,1
C00158,2024-04-27,IT/SW,Pro,5,495000,0
C00159,2023-07-14,공공,Enterprise,28,10920000,0
C00160,2022-04-21,스타트업,Pro,5,495000,0
C00161,2024-01-16,유통/이커머스,Pro,4,396000,0
C00162,2023-07-11,스타트업,Pro,7,693000,0
C00163,2023-01-10,공공,Basic,1,29000,0
C00164,2022-02-05,제조,Basic,1,29000,0
C00165,2023-05-28,교육,Pro,5,495000,0
C00166,2024-02-25,유통/이커머스,Basic,1,29000,0
C00167,2023-04-04,IT/SW,Basic,1,29000,0
C00168,2022-06-21,공공,Basic,1,29000,0
C00169,2023-09-23,유통/이커머스,Pro,5,495000,1
C00170,2023-11-07,제조,Basic,1,29000,0
C00171,2022-03-19,교육,Basic,1,29000,0
C00172,2023-10-16,의료,Basic,1,29000,0
C00173,2022-08-30,유통/이커머스,Basic,1,29000,0
C00174,2022-09-21,유통/이커머스,Pro,4,396000,0
C00175,2023-07-05,공공,Basic,2,58000,0
C00176,2022-05-11,스타트업,Basic,1,29000,0
C00177,2023-05-19,공공,Basic,3,87000,0
C00178,2022-02-17,제조,Basic,1,29000,0
C00179,2023-04-02,유통/이커머스,Pro,3,297000,0
C00180,2022-01-22,제조,Basic,1,29000,1
C00181,2024-02-18,제조,Pro,8,792000,1
C00182,2024-05-21,유통/이커머스,Basic,1,29000,0
C00183,2022-11-16,IT/SW,Enterprise,39,15210000,1
C00184,2022-11-21,유통/이커머스,Pro,6,594000,1
C00185,2022-08-25,유통/이커머스,Enterprise,33,12870000,1
C00186,2024-03-04,유통/이커머스,Pro,8,792000,1
C00187,2023-08-01,의료,Basic,2,58000,0
C00188,2022-07-28,IT/SW,Basic,2,58000,0
C00189,2022-09-28,공공,Pro,7,693000,0
C00190,2022-08-13,제조,Basic,1,29000,0
C00191,2022-05-01,금융,Basic,4,116000,0
C00192,2024-03-17,IT/SW,Basic,1,29000,1
C00193,2023-05-12,유통/이커머스,Pro,3,297000,0
C00194,2022-12-16,의료,Basic,1,29000,1
C00195,2022-06-30,금융,Basic,1,29000,1
C00196,2022-09-10,금융,Basic,1,29000,1
C00197,2024-05-02,제조,Basic,1,29000,0
C00198,2023-07-26,제조,Pro,7,693000,0
C00199,2022-01-11,IT/SW,Enterprise,26,10140000,0
C00200,2022-11-26,교육,Basic,1,29000,0
C00201,2024-04-27,제조,Basic,1,29000,0
C00202,2024-06-15,스타트업,Basic,1,29000,0
C00203,2024-01-16,금융,Basic,2,58000,0
C00204,2022-06-21,교육,Basic,1,29000,0
C00205,2022-04-10,유통/이커머스,Basic,1,29000,0
C00206,2023-01-24,유통/이커머스,Enterprise,31,12090000,0
C00207,2024-01-26,교육,Basic,3,87000,1
C00208,2022-05-17,금융,Basic,1,29000,0
C00209,2023-06-07,공공,Basic,2,58000,0
C00210,2022-05-25,공공,Pro,3,297000,0
C00211,2023-06-04,IT/SW,Enterprise,27,10530000,0
C00212,2022-08-13,유통/이커머스,Enterprise,30,11700000,0
C00213,2024-03-21,IT/SW,Pro,3,297000,1
C00214,2022-06-10,유통/이커머스,Pro,10,990000,0
C00215,2022-09-19,공공,Basic,1,29000,0
C00216,2023-06-01,유통/이커머스,Pro,3,297000,0
C00217,2022-06-18,교육,Basic,1,29000,0
C00218,2022-01-19,IT/SW,Pro,8,792000,1
C00219,2023-07-12,공공,Basic,4,116000,0
C00220,2023-01-15,IT/SW,Pro,3,297000,1
C00221,2023-01-21,제조,Pro,6,594000,0
C00222,2024-04-10,IT/SW,Enterprise,35,13650000,0
C00223,2023-12-12,IT/SW,Basic,1,29000,0
C00224,2022-03-18,스타트업,Basic,1,29000,0
C00225,2022-06-12,공공,Basic,3,87000,0
C00226,2022-04-30,IT/SW,Pro,2,198000,1
C00227,2023-04-11,IT/SW,Basic,1,29000,0
C00228,2023-03-07,제조,Basic,1,29000,0
C00229,2022-11-03,교육,Pro,5,495000,0
C00230,2022-04-09,금융,Pro,3,297000,0
C00231,2023-03-02,유통/이커머스,Basic,2,58000,0
C00232,2024-01-30,금융,Basic,1,29000,0
C00233,2023-08-15,공공,Enterprise,25,9750000,1
C00234,2022-07-31,의료,Pro,2,198000,1
C00235,2023-01-03,IT/SW,Basic,1,29000,0
C00236,2023-02-20,공공,Basic,1,29000,0
C00237,2024-01-12,IT/SW,Pro,3,297000,0
C00238,2023-07-27,금융,Enterprise,31,12090000,1
C00239,2024-01-06,IT/SW,Pro,7,693000,1
C00240,2022-01-04,IT/SW,Enterprise,29,11310000,0
C00241,2022-11-08,유통/이커머스,Basic,2,58000,0
C00242,2023-11-26,유통/이커머스,Enterprise,22,8580000,0
C00243,2022-02-28,제조,Enterprise,27,10530000,0
C00244,2022-04-13,제조,Pro,3,297000,0
C00245,2023-07-25,유통/이커머스,Enterprise,27,10530000,0
C00246,2024-05-29,IT/SW,Basic,3,87000,0
C00247,2022-02-28,교육,Pro,4,396000,0
C00248,2022-03-10,스타트업,Pro,4,396000,0
C00249,2023-05-01,IT/SW,Basic,1,29000,1
C00250,2023-06-15,IT/SW,Basic,1,29000,1
C00251,2024-03-26,교육,Basic,1,29000,0
C00252,2023-03-06,유통/이커머스,Basic,2,58000,0
C00253,2022-07-27,스타트업,Enterprise,33,12870000,0
C00254,2022-03-12,교육,Pro,4,396000,0
C00255,2024-04-30,의료,Enterprise,36,14040000,0
C00256,2024-03-08,공공,Enterprise,32,12480000,0
C00257,2024-06-12,공공,Basic,1,29000,0
C00258,2023-09-27,의료,Basic,1,29000,0
C00259,2023-05-31,유통/이커머스,Enterprise,22,8580000,0
C00260,2024-01-17,교육,Pro,6,594000,0
C00261,2023-10-07,유통/이커머스,Basic,1,29000,0
C00262,2024-02-17,유통/이커머스,Enterprise,33,12870000,0
C00263,2022-08-24,IT/SW,Basic,1,29000,0
C00264,2023-05-05,IT/SW,Pro,5,495000,0
C00265,2024-05-12,IT/SW,Enterprise,25,9750000,0
C00266,2023-01-21,스타트업,Basic,1,29000,0
C00267,2023-01-07,제조,Basic,3,87000,0
C00268,2022-11-22,금융,Basic,3,87000,1
C00269,2022-03-10,제조,Pro,5,495000,0
C00270,2023-10-26,유통/이커머스,Enterprise,19,7410000,0
C00271,2023-05-29,교육,Pro,6,594000,0
C00272,2022-10-20,제조,Pro,7,693000,0
C00273,2022-03-08,IT/SW,Basic,1,29000,0
C00274,2023-08-18,제조,Enterprise,27,10530000,0
C00275,2023-10-05,IT/SW,Basic,1,29000,0
C00276,2023-07-12,IT/SW,Basic,1,29000,1
C00277,2022-02-14,제조,Pro,4,396000,0
C00278,2022-04-10,제조,Basic,1,29000,0
C00279,2024-05-23,교육,Basic,1,29000,0
C00280,2023-06-01,제조,Enterprise,33,12870000,0
C00281,2023-03-14,교육,Basic,2,58000,0
C00282,2024-06-11,스타트업,Basic,1,29000,0
C00283,2024-01-27,IT/SW,Enterprise,31,12090000,0
C00284,2024-02-08,IT/SW,Basic,1,29000,0
C00285,2023-09-15,의료,Basic,1,29000,0
C00286,2022-04-28,공공,Pro,2,198000,1
C00287,2024-03-15,IT/SW,Basic,1,29000,1
C00288,2022-10-07,제조,Basic,3,87000,0
C00289,2023-02-03,IT/SW,Enterprise,33,12870000,0
C00290,2022-10-19,교육,Enterprise,16,6240000,0
C00291,2023-02-04,유통/이커머스,Basic,1,29000,0
C00292,2023-05-21,IT/SW,Enterprise,31,12090000,0
C00293,2023-06-19,교육,Enterprise,20,7800000,0
C00294,2022-11-21,IT/SW,Enterprise,22,8580000,0
C00295,2023-11-21,유통/이커머스,Enterprise,27,10530000,1
C00296,2023-07-11,제조,Pro,9,891000,0
C00297,2023-09-08,의료,Pro,4,396000,0
C00298,2022-11-25,금융,Enterprise,31,12090000,0
C00299,2022-10-26,스타트업,Pro,5,495000,0
C00300,2024-04-23,금융,Enterprise,40,15600000,0
C00301,2022-10-16,스타트업,Pro,6,594000,0
C00302,2023-06-01,제조,Enterprise,32,12480000,0
C00303,2024-01-12,유통/이커머스,Enterprise,27,10530000,0
C00304,2023-02-21,교육,Enterprise,23,8970000,1
C00305,2022-11-22,스타트업,Pro,2,198000,0
C00306,2022-02-16,제조,Basic,1,29000,0
C00307,2022-07-20,스타트업,Pro,3,297000,0
C00308,2022-06-03,금융,Basic,1,29000,0
C00309,2023-03-12,IT/SW,Enterprise,27,10530000,0
C00310,2022-01-13,의료,Basic,1,29000,0
C00311,2022-07-22,제조,Pro,4,396000,0
C00312,2022-08-26,유통/이커머스,Pro,7,693000,0
C00313,2024-03-22,의료,Basic,3,87000,0
C00314,2022-06-07,유통/이커머스,Basic,1,29000,0
C00315,2022-09-01,제조,Basic,1,29000,1
C00316,2023-08-07,제조,Basic,1,29000,1
C00317,2023-07-23,스타트업,Enterprise,24,9360000,1
C00318,2023-05-01,교육,Basic,1,29000,0
C00319,2023-06-10,IT/SW,Pro,5,495000,1
C00320,2022-02-13,제조,Basic,1,29000,0
C00321,2024-03-03,유통/이커머스,Pro,5,495000,0
C00322,2023-12-20,IT/SW,Basic,1,29000,0
C00323,2022-12-13,유통/이커머스,Enterprise,26,10140000,0
C00324,2024-03-11,금융,Basic,1,29000,0
C00325,2023-11-14,유통/이커머스,Basic,1,29000,0
C00326,2022-02-14,IT/SW,Basic,1,29000,0
C00327,2022-10-20,유통/이커머스,Basic,1,29000,0
C00328,2023-07-26,제조,Pro,3,297000,0
C00329,2023-12-28,의료,Pro,9,891000,0
C00330,2022-10-20,교육,Pro,7,693000,0
C00331,2023-04-22,공공,Enterprise,29,11310000,0
C00332,2023-04-28,금융,Pro,6,594000,1
C00333,2023-08-29,IT/SW,Enterprise,20,7800000,0
C00334,2024-01-20,유통/이커머스,Basic,1,29000,0
C00335,2022-08-10,제조,Pro,6,594000,0
C00336,2023-01-18,IT/SW,Pro,6,594000,1
C00337,2022-11-23,유통/이커머스,Basic,1,29000,0
C00338,2023-12-27,금융,Enterprise,27,10530000,0
C00339,2023-06-09,IT/SW,Basic,1,29000,0
C00340,2023-09-20,금융,Basic,3,87000,0
C00341,2023-05-24,스타트업,Basic,1,29000,0
C00342,2022-03-31,IT/SW,Basic,2,58000,0
C00343,2023-08-09,IT/SW,Basic,1,29000,0
C00344,2022-09-12,IT/SW,Basic,1,29000,0
C00345,2024-01-09,제조,Basic,1,29000,0
C00346,2023-01-05,제조,Basic,2,58000,0
C00347,2023-02-22,의료,Basic,3,87000,0
C00348,2023-06-05,유통/이커머스,Pro,8,792000,0
C00349,2024-05-06,금융,Basic,1,29000,0
C00350,2022-02-05,교육,Basic,1,29000,0
C00351,2023-01-03,공공,Basic,4,116000,0
C00352,2023-10-02,교육,Basic,2,58000,1
C00353,2024-03-14,교육,Pro,6,594000,0
C00354,2023-03-05,금융,Basic,1,29000,0
C00355,2022-04-20,금융,Enterprise,29,11310000,0
C00356,2023-12-24,금융,Enterprise,41,15990000,0
C00357,2022-11-01,의료,Pro,4,396000,0
C00358,2022-01-14,의료,Pro,8,792000,0
C00359,2022-12-12,교육,Pro,4,396000,0
C00360,2023-11-20,금융,Enterprise,30,11700000,1
C00361,2023-07-23,의료,Basic,1,29000,0
C00362,2022-12-27,공공,Basic,3,87000,0
C00363,2024-03-27,IT/SW,Pro,2,198000,0
C00364,2022-06-05,IT/SW,Enterprise,32,12480000,0
C00365,2023-12-01,금융,Basic,1,29000,1
C00366,2023-02-16,제조,Pro,3,297000,1
C00367,2024-04-10,교육,Basic,1,29000,1
C00368,2022-11-23,금융,Pro,2,198000,0
C00369,2024-05-13,IT/SW,Basic,1,29000,0
C00370,2022-05-28,의료,Enterprise,32,12480000,0
C00371,2023-03-17,유통/이커머스,Pro,6,594000,0
C00372,2023-12-16,금융,Basic,1,29000,0
C00373,2024-02-19,유통/이커머스,Enterprise,30,11700000,0
C00374,2023-08-16,IT/SW,Pro,3,297000,0
C00375,2023-05-30,IT/SW,Enterprise,29,11310000,0
C00376,2022-12-30,교육,Basic,3,87000,1
C00377,2022-12-29,제조,Basic,1,29000,0
C00378,2023-08-10,교육,Enterprise,26,10140000,0
C00379,2023-11-26,유통/이커머스,Basic,1,29000,0
C00380,2022-07-13,스타트업,Pro,7,693000,0
C00381,2023-10-02,금융,Pro,5,495000,0
C00382,2023-12-16,공공,Basic,1,29000,0
C00383,2024-03-23,제조,Enterprise,21,8190000,0
C00384,2023-09-01,IT/SW,Enterprise,25,9750000,1
C00385,2022-07-11,IT/SW,Pro,1,99000,0
C00386,2022-03-15,IT/SW,Basic,1,29000,0
C00387,2022-11-21,제조,Basic,1,29000,0
C00388,2023-05-02,유통/이커머스,Enterprise,33,12870000,0
C00389,2022-06-08,스타트업,Enterprise,28,10920000,0
C00390,2022-04-15,스타트업,Pro,7,693000,0
C00391,2022-01-13,제조,Basic,1,29000,0
C00392,2023-06-02,금융,Pro,5,495000,0
C00393,2023-06-11,공공,Pro,7,693000,0
C00394,2023-05-17,유통/이커머스,Basic,1,29000,0
C00395,2022-12-04,공공,Basic,3,87000,0
C00396,2022-06-06,의료,Basic,2,58000,1
C00397,2023-05-26,공공,Basic,1,29000,0
C00398,2022-05-30,스타트업,Basic,1,29000,1
C00399,2022-05-01,금융,Basic,2,58000,0
C00400,2023-04-07,공공,Pro,3,297000,0
C00401,2023-06-17,공공,Pro,4,396000,0
C00402,2022-07-17,금융,Basic,3,87000,0
C00403,2023-09-27,스타트업,Pro,7,693000,1
C00404,2022-06-19,의료,Pro,2,198000,0
C00405,2023-04-15,제조,Enterprise,33,12870000,0
C00406,2023-11-19,의료,Basic,1,29000,0
C00407,2023-12-01,공공,Basic,1,29000,1
C00408,2023-09-25,스타트업,Pro,2,198000,1
C00409,2022-02-26,공공,Basic,1,29000,0
C00410,2022-10-10,금융,Pro,5,495000,0
C00411,2022-02-25,금융,Basic,1,29000,0
C00412,2023-10-31,IT/SW,Basic,1,29000,0
C00413,2022-06-14,IT/SW,Pro,3,297000,0
C00414,2024-02-21,제조,Pro,2,198000,0
C00415,2023-08-20,교육,Pro,4,396000,0
C00416,2023-07-28,교육,Pro,4,396000,0
C00417,2024-04-16,유통/이커머스,Basic,1,29000,0
C00418,2024-04-29,제조,Pro,4,396000,1
C00419,2024-02-10,의료,Pro,2,198000,0
C00420,2022-04-27,IT/SW,Pro,7,693000,0
C00421,2022-04-16,금융,Basic,4,116000,0
C00422,2022-01-26,스타트업,Enterprise,42,16380000,0
C00423,2022-01-11,유통/이커머스,Enterprise,26,10140000,0
C00424,2022-10-27,유통/이커머스,Basic,1,29000,0
C00425,2023-09-20,금융,Basic,1,29000,0
C00426,2022-09-20,스타트업,Basic,2,58000,0
C00427,2023-07-22,IT/SW,Enterprise,29,11310000,0
C00428,2022-01-17,유통/이커머스,Basic,2,58000,0
C00429,2023-07-10,금융,Basic,1,29000,1
C00430,2024-04-10,IT/SW,Pro,2,198000,0
C00431,2022-09-23,금융,Pro,5,495000,0
C00432,2023-06-06,IT/SW,Pro,7,693000,0
C00433,2022-02-13,공공,Basic,1,29000,1
C00434,2023-08-06,금융,Pro,6,594000,0
C00435,2023-02-22,스타트업,Basic,2,58000,1
C00436,2024-01-13,IT/SW,Basic,1,29000,0
C00437,2024-06-09,공공,Basic,1,29000,0
C00438,2022-08-31,공공,Pro,6,594000,0
C00439,2022-12-24,의료,Pro,5,495000,0
C00440,2023-04-06,스타트업,Basic,1,29000,1
C00441,2023-09-03,금융,Basic,3,87000,0
C00442,2023-11-02,IT/SW,Basic,1,29000,0
C00443,2023-01-13,의료,Pro,8,792000,1
C00444,2024-05-30,유통/이커머스,Basic,1,29000,0
C00445,2024-05-10,스타트업,Basic,1,29000,0
C00446,2023-12-31,IT/SW,Basic,1,29000,0
C00447,2022-04-08,유통/이커머스,Basic,1,29000,0
C00448,2023-02-11,금융,Basic,1,29000,0
C00449,2022-02-01,IT/SW,Pro,6,594000,0
C00450,2024-02-11,공공,Basic,1,29000,0
C00451,2022-05-26,교육,Basic,2,58000,0
C00452,2024-04-04,유통/이커머스,Pro,2,198000,0
C00453,2022-02-20,공공,Enterprise,29,11310000,0
C00454,2023-05-13,의료,Enterprise,26,10140000,0
C00455,2022-05-21,교육,Pro,8,792000,0
C00456,2023-02-02,IT/SW,Enterprise,35,13650000,0
C00457,2022-07-08,교육,Basic,1,29000,0
C00458,2022-06-06,IT/SW,Basic,1,29000,0
C00459,2023-07-24,공공,Basic,1,29000,0
C00460,2022-04-16,IT/SW,Basic,2,58000,0
C00461,2023-02-08,제조,Pro,3,297000,0
C00462,2022-01-23,스타트업,Basic,3,87000,0
C00463,2023-02-16,교육,Basic,1,29000,0
C00464,2022-05-19,유통/이커머스,Basic,1,29000,0
C00465,2023-05-04,교육,Enterprise,36,14040000,0
C00466,2023-11-27,제조,Pro,2,198000,0
C00467,2024-04-08,제조,Basic,1,29000,1
C00468,2022-01-20,교육,Basic,1,29000,1
C00469,2023-08-18,IT/SW,Basic,2,58000,0
C00470,2022-07-01,제조,Pro,4,396000,0
C00471,2022-01-28,공공,Pro,2,198000,0
C00472,2022-07-03,IT/SW,Pro,2,198000,0
C00473,2023-12-28,교육,Basic,2,58000,1
C00474,2022-05-23,IT/SW,Pro,4,396000,0
C00475,2024-03-15,제조,Basic,1,29000,0
C00476,2024-02-13,제조,Basic,1,29000,0
C00477,2023-12-02,유통/이커머스,Basic,1,29000,0
C00478,2024-04-07,유통/이커머스,Basic,1,29000,0
C00479,2022-03-27,제조,Enterprise,36,14040000,1
C00480,2022-11-23,의료,Basic,1,29000,0
C00481,2023-07-27,IT/SW,Pro,6,594000,0
C00482,2023-11-28,의료,Enterprise,26,10140000,1
C00483,2023-11-24,IT/SW,Enterprise,20,7800000,0
C00484,2023-01-16,유통/이커머스,Pro,4,396000,1
C00485,2023-12-25,유통/이커머스,Pro,1,99000,0
C00486,2023-02-19,제조,Pro,9,891000,0
C00487,2023-12-01,유통/이커머스,Enterprise,33,12870000,0
C00488,2023-02-05,공공,Pro,7,693000,0
C00489,2022-12-11,제조,Pro,6,594000,0
C00490,2023-09-02,IT/SW,Basic,2,58000,0
C00491,2022-10-24,제조,Pro,5,495000,1
C00492,2023-08-31,금융,Basic,1,29000,1
C00493,2023-10-31,스타트업,Pro,3,297000,0
C00494,2023-03-13,의료,Basic,1,29000,1
C00495,2023-02-23,금융,Basic,1,29000,0
C00496,2023-06-12,유통/이커머스,Basic,1,29000,1
C00497,2023-07-18,공공,Pro,4,396000,0
C00498,2022-07-20,유통/이커머스,Pro,1,99000,1
C00499,2022-11-19,공공,Pro,3,297000,0
C00500,2022-08-25,스타트업,Basic,1,29000,0
C00501,2024-04-13,유통/이커머스,Basic,1,29000,1
C00502,2024-02-20,유통/이커머스,Pro,11,1089000,0
C00503,2022-06-18,제조,Pro,5,495000,0
C00504,2023-08-21,금융,Pro,6,594000,0
C00505,2023-12-21,금융,Enterprise,31,12090000,1
C00506,2023-01-01,유통/이커머스,Basic,1,29000,0
C00507,2022-10-19,IT/SW,Pro,3,297000,0
C00508,2024-02-03,제조,Basic,2,58000,0
C00509,2024-03-21,공공,Basic,2,58000,1
C00510,2023-11-04,IT/SW,Basic,1,29000,0
C00511,2024-04-28,금융,Pro,6,594000,0
C00512,2022-01-04,유통/이커머스,Enterprise,42,16380000,0
C00513,2022-06-27,공공,Pro,4,396000,0
C00514,2023-11-28,제조,Basic,1,29000,0
C00515,2023-10-14,제조,Basic,1,29000,0
C00516,2024-04-06,공공,Pro,6,594000,0
C00517,2023-10-18,스타트업,Pro,7,693000,1
C00518,2023-07-09,금융,Pro,3,297000,0
C00519,2023-01-02,유통/이커머스,Pro,6,594000,0
C00520,2022-08-11,교육,Basic,2,58000,0
C00521,2022-08-10,유통/이커머스,Basic,1,29000,0
C00522,2022-02-22,공공,Pro,3,297000,0
C00523,2022-12-17,교육,Basic,1,29000,1
C00524,2023-11-07,금융,Pro,4,396000,1
C00525,2023-05-19,IT/SW,Basic,1,29000,0
C00526,2024-04-18,IT/SW,Pro,2,198000,0
C00527,2022-03-28,제조,Pro,1,99000,1
C00528,2024-03-05,교육,Basic,2,58000,0
C00529,2023-04-22,스타트업,Basic,1,29000,0
C00530,2023-12-31,교육,Basic,2,58000,0
C00531,2022-04-03,유통/이커머스,Enterprise,27,10530000,0
C00532,2022-11-24,제조,Basic,1,29000,0
C00533,2023-03-19,IT/SW,Enterprise,24,9360000,1
C00534,2022-01-28,스타트업,Pro,4,396000,0
C00535,2023-03-02,금융,Pro,2,198000,1
C00536,2022-07-24,스타트업,Pro,7,693000,0
C00537,2022-04-03,금융,Pro,3,297000,0
C00538,2022-03-23,IT/SW,Basic,1,29000,0
C00539,2023-04-30,IT/SW,Basic,1,29000,0
C00540,2024-06-15,공공,Pro,2,198000,1
C00541,2024-01-28,제조,Pro,1,99000,0
C00542,2022-06-13,유통/이커머스,Enterprise,23,8970000,0
C00543,2023-08-01,유통/이커머스,Pro,5,495000,1
C00544,2022-02-06,공공,Basic,1,29000,0
C00545,2024-03-22,IT/SW,Basic,1,29000,1
C00546,2022-12-16,제조,Basic,2,58000,0
C00547,2024-02-23,교육,Basic,1,29000,1
C00548,2023-02-21,제조,Pro,6,594000,0
C00549,2022-06-07,교육,Pro,9,891000,0
C00550,2022-12-16,스타트업,Enterprise,25,9750000,0
C00551,2023-12-10,교육,Basic,1,29000,0
C00552,2023-03-18,IT/SW,Basic,1,29000,0
C00553,2023-04-02,스타트업,Pro,9,891000,0
C00554,2022-08-09,교육,Basic,3,87000,0
C00555,2024-04-03,공공,Enterprise,30,11700000,0
C00556,2023-08-15,제조,Enterprise,28,10920000,1
C00557,2023-04-07,공공,Basic,1,29000,1
C00558,2023-03-11,교육,Basic,1,29000,0
C00559,2024-02-05,유통/이커머스,Enterprise,34,13260000,0
C00560,2023-05-05,공공,Basic,3,87000,0
C00561,2022-06-03,의료,Pro,4,396000,0
C00562,2022-01-18,스타트업,Basic,1,29000,0
C00563,2023-02-16,의료,Pro,3,297000,0
C00564,2023-08-25,제조,Basic,1,29000,0
C00565,2022-01-30,IT/SW,Pro,6,594000,0
C00566,2022-10-18,교육,Enterprise,45,17550000,0
C00567,2024-05-09,제조,Basic,1,29000,0
C00568,2023-11-26,공공,Basic,3,87000,0
C00569,2022-10-18,공공,Pro,2,198000,0
C00570,2023-12-25,제조,Pro,3,297000,0
C00571,2023-01-28,공공,Basic,1,29000,1
C00572,2023-04-08,IT/SW,Enterprise,27,10530000,0
C00573,2023-01-31,제조,Pro,4,396000,0
C00574,2022-11-02,교육,Basic,3,87000,0
C00575,2023-06-03,스타트업,Pro,2,198000,0
C00576,2022-01-06,IT/SW,Enterprise,29,11310000,0
C00577,2023-07-28,금융,Basic,1,29000,0
C00578,2022-04-21,공공,Basic,1,29000,1
C00579,2023-01-06,IT/SW,Basic,1,29000,0
C00580,2022-02-11,IT/SW,Pro,4,396000,1
C00581,2022-02-28,제조,Pro,7,693000,0
C00582,2022-06-05,금융,Pro,9,891000,0
C00583,2024-02-21,유통/이커머스,Pro,3,297000,1
C00584,2022-05-10,공공,Basic,1,29000,1
C00585,2023-02-18,스타트업,Basic,1,29000,1
C00586,2022-07-19,교육,Enterprise,27,10530000,0
C00587,2024-04-28,IT/SW,Pro,3,297000,0
C00588,2023-10-04,IT/SW,Enterprise,41,15990000,1
C00589,2023-05-31,유통/이커머스,Pro,6,594000,0
C00590,2023-09-27,제조,Basic,2,58000,0
C00591,2023-03-27,금융,Enterprise,27,10530000,0
C00592,2024-01-10,유통/이커머스,Pro,6,594000,0
C00593,2022-12-01,제조,Basic,3,87000,0
C00594,2022-05-19,제조,Pro,4,396000,0
C00595,2022-08-22,공공,Pro,7,693000,0
C00596,2022-09-24,IT/SW,Basic,3,87000,0
C00597,2023-10-02,교육,Basic,1,29000,0
C00598,2022-11-11,교육,Pro,4,396000,0
C00599,2024-06-08,금융,Pro,11,1089000,0
C00600,2022-01-25,유통/이커머스,Pro,4,396000,0
C00601,2023-08-03,유통/이커머스,Basic,1,29000,1
C00602,2022-08-14,IT/SW,Basic,2,58000,0
C00603,2022-10-26,유통/이커머스,Pro,8,792000,0
C00604,2022-03-21,제조,Pro,7,693000,0
C00605,2022-06-07,유통/이커머스,Basic,3,87000,0
C00606,2023-01-14,IT/SW,Basic,1,29000,0
C00607,2023-12-16,교육,Pro,4,396000,0
C00608,2022-06-07,제조,Enterprise,36,14040000,0
C00609,2024-01-30,제조,Basic,1,29000,0
C00610,2023-01-27,IT/SW,Pro,5,495000,1
C00611,2024-06-12,교육,Pro,2,198000,0
C00612,2022-10-01,의료,Basic,1,29000,0
C00613,2022-12-08,IT/SW,Basic,2,58000,0
C00614,2023-08-05,의료,Basic,1,29000,0
C00615,2024-05-27,교육,Basic,1,29000,0
C00616,2022-12-29,IT/SW,Basic,4,116000,0
C00617,2022-04-29,유통/이커머스,Basic,1,29000,0
C00618,2024-03-21,유통/이커머스,Pro,5,495000,0
C00619,2022-06-20,유통/이커머스,Basic,1,29000,0
C00620,2022-06-23,IT/SW,Basic,2,58000,0
C00621,2023-04-15,스타트업,Basic,1,29000,0
C00622,2022-09-09,금융,Basic,1,29000,0
C00623,2022-10-16,IT/SW,Basic,1,29000,0
C00624,2022-01-03,공공,Pro,4,396000,0
C00625,2023-10-27,공공,Enterprise,33,12870000,0
C00626,2022-11-16,금융,Pro,2,198000,1
C00627,2024-03-05,공공,Basic,1,29000,0
C00628,2023-05-13,제조,Basic,1,29000,0
C00629,2022-01-30,의료,Basic,1,29000,0
C00630,2022-12-06,의료,Pro,2,198000,0
C00631,2022-08-07,교육,Basic,1,29000,1
C00632,2023-09-20,제조,Basic,1,29000,0
C00633,2022-11-15,의료,Basic,1,29000,0
C00634,2023-06-29,금융,Basic,1,29000,0
C00635,2023-12-07,유통/이커머스,Basic,3,87000,0
C00636,2024-04-18,교육,Basic,2,58000,1
C00637,2024-06-02,금융,Pro,5,495000,0
C00638,2023-06-05,제조,Basic,2,58000,0
C00639,2023-08-01,스타트업,Basic,3,87000,0
C00640,2022-08-08,교육,Basic,1,29000,0
C00641,2022-01-31,유통/이커머스,Basic,3,87000,0
C00642,2022-02-25,금융,Pro,3,297000,0
C00643,2023-04-04,유통/이커머스,Enterprise,42,16380000,0
C00644,2023-03-29,스타트업,Pro,7,693000,0
C00645,2024-03-16,교육,Basic,1,29000,0
C00646,2023-05-22,제조,Pro,6,594000,0
C00647,2024-03-30,스타트업,Enterprise,30,11700000,0
C00648,2023-03-21,유통/이커머스,Enterprise,27,10530000,0
C00649,2022-10-24,공공,Pro,4,396000,0
C00650,2022-04-26,스타트업,Pro,2,198000,0
C00651,2023-04-05,금융,Basic,4,116000,0
C00652,2022-02-16,유통/이커머스,Basic,2,58000,0
C00653,2022-11-22,스타트업,Basic,1,29000,0
C00654,2024-05-30,공공,Pro,5,495000,0
C00655,2022-01-26,유통/이커머스,Basic,1,29000,0
C00656,2023-04-06,의료,Basic,2,58000,1
C00657,2022-02-18,IT/SW,Enterprise,32,12480000,0
C00658,2022-01-06,유통/이커머스,Basic,3,87000,0
C00659,2022-10-20,교육,Pro,7,693000,0
C00660,2022-03-25,금융,Pro,3,297000,0
C00661,2024-03-08,제조,Basic,1,29000,0
C00662,2024-01-18,유통/이커머스,Basic,2,58000,0
C00663,2022-07-27,IT/SW,Basic,1,29000,0
C00664,2023-08-24,제조,Pro,5,495000,0
C00665,2024-01-08,IT/SW,Pro,6,594000,0
C00666,2023-07-03,의료,Pro,5,495000,0
C00667,2022-07-11,유통/이커머스,Basic,1,29000,0
C00668,2022-03-17,유통/이커머스,Basic,1,29000,1
C00669,2024-06-10,스타트업,Basic,1,29000,0
C00670,2022-07-05,스타트업,Pro,6,594000,0
C00671,2022-09-18,유통/이커머스,Enterprise,28,10920000,0
C00672,2022-07-11,금융,Enterprise,32,12480000,0
C00673,2023-12-26,공공,Basic,1,29000,1
C00674,2023-02-16,IT/SW,Pro,3,297000,0
C00675,2023-08-23,IT/SW,Pro,3,297000,1
C00676,2024-06-08,유통/이커머스,Basic,1,29000,0
C00677,2023-03-16,공공,Basic,1,29000,0
C00678,2023-02-19,금융,Pro,5,495000,0
C00679,2022-08-15,유통/이커머스,Enterprise,32,12480000,0
C00680,2022-03-29,유통/이커머스,Pro,6,594000,0
C00681,2023-01-11,IT/SW,Basic,1,29000,0
C00682,2023-05-12,교육,Pro,5,495000,0
C00683,2023-08-30,의료,Enterprise,27,10530000,0
C00684,2022-06-14,금융,Pro,8,792000,0
C00685,2023-09-16,IT/SW,Enterprise,33,12870000,0
C00686,2022-08-14,공공,Basic,1,29000,0
C00687,2024-02-23,IT/SW,Pro,4,396000,0
C00688,2022-12-23,IT/SW,Basic,1,29000,0
C00689,2023-03-14,제조,Pro,9,891000,0
C00690,2024-02-24,IT/SW,Basic,1,29000,0
C00691,2022-04-06,제조,Pro,7,693000,0
C00692,2023-11-21,공공,Basic,1,29000,0
C00693,2022-04-22,IT/SW,Basic,1,29000,0
C00694,2022-02-18,의료,Basic,2,58000,0
C00695,2024-05-31,공공,Pro,4,396000,1
C00696,2022-09-03,의료,Basic,1,29000,1
C00697,2023-11-30,교육,Enterprise,30,11700000,0
C00698,2023-05-22,의료,Pro,4,396000,0
C00699,2022-02-14,공공,Pro,2,198000,1
C00700,2023-11-03,제조,Pro,4,396000,1
C00701,2023-08-19,유통/이커머스,Basic,2,58000,1
C00702,2023-08-04,교육,Enterprise,31,12090000,0
C00703,2022-02-02,금융,Enterprise,21,8190000,0
C00704,2023-08-05,의료,Basic,5,145000,0
C00705,2024-01-17,교육,Basic,2,58000,0
C00706,2023-03-30,제조,Basic,1,29000,0
C00707,2022-10-09,의료,Basic,1,29000,0
C00708,2024-04-19,유통/이커머스,Basic,1,29000,0
C00709,2022-06-08,IT/SW,Pro,2,198000,0
C00710,2023-09-19,공공,Basic,1,29000,0
C00711,2024-01-10,스타트업,Pro,3,297000,0
C00712,2023-04-30,유통/이커머스,Enterprise,34,13260000,0
C00713,2023-08-08,의료,Basic,1,29000,0
C00714,2023-10-29,교육,Pro,4,396000,0
C00715,2022-06-10,공공,Enterprise,32,12480000,1
C00716,2024-06-13,제조,Basic,1,29000,0
C00717,2023-10-16,금융,Basic,2,58000,0
C00718,2022-04-26,IT/SW,Basic,4,116000,0
C00719,2022-04-21,유통/이커머스,Pro,5,495000,0
C00720,2022-11-28,교육,Pro,5,495000,0
C00721,2022-03-26,유통/이커머스,Pro,1,99000,0
C00722,2022-04-02,제조,Pro,6,594000,0
C00723,2023-02-26,IT/SW,Pro,1,99000,0
C00724,2022-05-15,스타트업,Basic,1,29000,0
C00725,2022-02-09,의료,Enterprise,27,10530000,0
C00726,2022-11-09,공공,Basic,3,87000,0
C00727,2022-10-28,유통/이커머스,Pro,6,594000,0
C00728,2024-06-08,금융,Basic,1,29000,0
C00729,2024-06-15,금융,Basic,2,58000,0
C00730,2024-02-11,제조,Pro,4,396000,0
C00731,2023-10-11,스타트업,Basic,3,87000,0
C00732,2022-08-16,금융,Basic,1,29000,0
C00733,2023-12-28,교육,Basic,1,29000,0
C00734,2023-08-21,유통/이커머스,Basic,2,58000,0
C00735,2023-01-23,제조,Pro,4,396000,0
C00736,2022-01-03,금융,Pro,6,594000,0
C00737,2022-12-11,의료,Basic,1,29000,0
C00738,2023-09-01,제조,Pro,5,495000,1
C00739,2023-01-23,의료,Basic,1,29000,0
C00740,2023-07-25,교육,Basic,1,29000,0
C00741,2023-11-25,유통/이커머스,Pro,3,297000,0
C00742,2024-06-07,금융,Pro,6,594000,0
C00743,2024-01-03,스타트업,Pro,7,693000,0
C00744,2022-03-27,공공,Pro,3,297000,0
C00745,2023-11-14,제조,Basic,1,29000,0
C00746,2023-08-31,스타트업,Pro,4,396000,0
C00747,2022-12-13,금융,Pro,3,297000,0
C00748,2023-03-24,IT/SW,Basic,1,29000,0
C00749,2024-01-06,IT/SW,Basic,1,29000,0
C00750,2022-02-26,교육,Basic,2,58000,0
C00751,2022-07-12,금융,Basic,1,29000,0
C00752,2022-06-14,IT/SW,Pro,8,792000,0
C00753,2022-10-28,IT/SW,Basic,1,29000,1
C00754,2023-05-17,유통/이커머스,Enterprise,24,9360000,0
C00755,2023-06-16,IT/SW,Basic,2,58000,0
C00756,2022-05-24,금융,Basic,1,29000,1
C00757,2023-10-14,제조,Basic,2,58000,0
C00758,2023-06-18,IT/SW,Basic,1,29000,0
C00759,2023-07-29,금융,Pro,5,495000,0
C00760,2022-12-28,제조,Basic,1,29000,0
C00761,2022-11-19,IT/SW,Pro,9,891000,0
C00762,2023-06-11,금융,Basic,2,58000,0
C00763,2024-02-06,제조,Basic,1,29000,1
C00764,2023-01-05,교육,Pro,3,297000,0
C00765,2023-04-03,의료,Enterprise,35,13650000,0
C00766,2023-08-21,제조,Basic,1,29000,0
C00767,2022-10-02,금융,Basic,2,58000,0
C00768,2024-03-02,공공,Pro,4,396000,0
C00769,2022-02-12,의료,Pro,3,297000,0
C00770,2024-04-01,제조,Enterprise,34,13260000,0
C00771,2022-11-09,IT/SW,Basic,1,29000,0
C00772,2024-01-23,IT/SW,Basic,1,29000,0
C00773,2022-03-30,제조,Pro,7,693000,0
C00774,2023-04-01,공공,Basic,1,29000,1
C00775,2023-09-08,교육,Pro,3,297000,0
C00776,2023-03-14,IT/SW,Basic,1,29000,0
C00777,2023-03-26,스타트업,Pro,3,297000,0
C00778,2024-05-21,IT/SW,Basic,1,29000,0
C00779,2023-12-14,금융,Pro,10,990000,0
C00780,2022-03-31,IT/SW,Basic,3,87000,0
C00781,2023-03-14,스타트업,Pro,5,495000,0
C00782,2022-06-23,유통/이커머스,Basic,2,58000,0
C00783,2022-06-08,제조,Enterprise,34,13260000,0
C00784,2024-03-06,IT/SW,Basic,1,29000,0
C00785,2024-03-28,교육,Basic,1,29000,0
C00786,2024-04-15,금융,Pro,5,495000,0
C00787,2024-05-16,금융,Basic,1,29000,0
C00788,2023-12-21,의료,Basic,1,29000,0
C00789,2023-03-09,IT/SW,Basic,1,29000,0
C00790,2023-08-21,교육,Basic,1,29000,0
C00791,2024-03-23,IT/SW,Pro,4,396000,0
C00792,2022-10-03,유통/이커머스,Pro,8,792000,0
C00793,2023-07-04,제조,Enterprise,27,10530000,0
C00794,2023-01-24,공공,Pro,8,792000,0
C00795,2022-02-20,유통/이커머스,Basic,2,58000,1
C00796,2022-10-11,교육,Pro,3,297000,0
C00797,2024-01-26,금융,Basic,1,29000,1
C00798,2024-06-06,IT/SW,Pro,5,495000,0
C00799,2023-08-06,금융,Pro,4,396000,0
C00800,2022-08-17,교육,Pro,4,396000,1
C00801,2023-08-13,공공,Pro,4,396000,0
C00802,2022-08-30,스타트업,Enterprise,23,8970000,1
C00803,2022-06-23,IT/SW,Pro,11,1089000,0
C00804,2022-08-22,금융,Pro,6,594000,0
C00805,2022-12-23,금융,Pro,6,594000,0
C00806,2022-06-27,유통/이커머스,Basic,1,29000,0
C00807,2023-11-13,IT/SW,Pro,1,99000,0
C00808,2023-06-29,금융,Pro,4,396000,0
C00809,2022-06-10,스타트업,Basic,1,29000,0
C00810,2023-07-28,의료,Pro,4,396000,0
C00811,2022-07-24,제조,Enterprise,35,13650000,0
C00812,2023-11-27,스타트업,Basic,1,29000,0
C00813,2024-02-29,IT/SW,Basic,2,58000,1
C00814,2023-10-21,공공,Enterprise,37,14430000,0
C00815,2022-07-26,유통/이커머스,Basic,3,87000,0
C00816,2023-03-02,제조,Enterprise,34,13260000,0
C00817,2024-06-04,IT/SW,Enterprise,21,8190000,0
C00818,2024-04-22,스타트업,Basic,1,29000,0
C00819,2023-10-16,IT/SW,Enterprise,31,12090000,0
C00820,2022-07-14,IT/SW,Enterprise,30,11700000,0
C00821,2023-09-24,금융,Pro,8,792000,0
C00822,2023-02-27,IT/SW,Enterprise,24,9360000,0
C00823,2022-12-31,금융,Basic,1,29000,0
C00824,2023-02-19,IT/SW,Enterprise,33,12870000,1
C00825,2023-03-21,유통/이커머스,Enterprise,30,11700000,0
C00826,2024-04-11,공공,Basic,1,29000,0
C00827,2023-03-25,IT/SW,Basic,3,87000,0
C00828,2022-04-21,제조,Enterprise,26,10140000,0
C00829,2022-09-19,스타트업,Enterprise,26,10140000,0
C00830,2023-12-30,제조,Basic,2,58000,0
C00831,2024-01-28,스타트업,Enterprise,25,9750000,1
C00832,2024-06-11,제조,Basic,1,29000,0
C00833,2022-03-13,IT/SW,Basic,2,58000,0
C00834,2022-03-06,IT/SW,Enterprise,42,16380000,0
C00835,2023-01-05,유통/이커머스,Pro,6,594000,0
C00836,2023-10-31,제조,Basic,2,58000,1
C00837,2022-07-22,유통/이커머스,Basic,3,87000,0
C00838,2023-02-06,교육,Pro,3,297000,0
C00839,2023-06-08,교육,Basic,1,29000,0
C00840,2023-12-18,IT/SW,Pro,3,297000,0
C00841,2023-06-21,제조,Basic,1,29000,0
C00842,2022-01-10,제조,Enterprise,31,12090000,0
C00843,2024-02-04,스타트업,Pro,6,594000,0
C00844,2022-07-12,유통/이커머스,Pro,2,198000,0
C00845,2023-03-04,유통/이커머스,Pro,7,693000,1
C00846,2023-06-03,유통/이커머스,Pro,5,495000,0
C00847,2022-09-05,제조,Pro,5,495000,0
C00848,2024-02-18,IT/SW,Pro,4,396000,0
C00849,2022-01-29,제조,Basic,4,116000,0
C00850,2024-05-26,유통/이커머스,Pro,2,198000,1
C00851,2022-04-01,교육,Pro,2,198000,0
C00852,2023-09-23,제조,Enterprise,32,12480000,0
C00853,2023-05-20,의료,Basic,2,58000,0
C00854,2023-07-16,공공,Basic,3,87000,0
C00855,2022-03-22,제조,Basic,1,29000,0
C00856,2023-01-24,유통/이커머스,Basic,1,29000,0
C00857,2023-07-03,의료,Basic,1,29000,0
C00858,2023-01-09,제조,Basic,3,87000,0
C00859,2022-06-18,공공,Enterprise,29,11310000,0
C00860,2023-05-14,제조,Pro,4,396000,0
C00861,2022-09-07,금융,Pro,3,297000,0
C00862,2022-05-01,유통/이커머스,Basic,1,29000,1
C00863,2023-03-16,교육,Basic,2,58000,0
C00864,2022-02-18,IT/SW,Pro,7,693000,0
C00865,2023-12-20,IT/SW,Basic,1,29000,1
C00866,2024-04-18,공공,Pro,3,297000,1
C00867,2024-05-28,공공,Basic,1,29000,0
C00868,2023-05-18,IT/SW,Basic,1,29000,0
C00869,2023-07-30,스타트업,Pro,7,693000,0
C00870,2023-03-06,유통/이커머스,Basic,1,29000,0
C00871,2023-08-13,IT/SW,Basic,3,87000,1
C00872,2023-05-21,제조,Enterprise,36,14040000,0
C00873,2023-04-10,스타트업,Basic,1,29000,0
C00874,2022-07-02,제조,Pro,2,198000,0
C00875,2023-04-11,스타트업,Basic,1,29000,0
C00876,2024-02-06,공공,Pro,5,495000,1
C00877,2022-05-10,제조,Enterprise,35,13650000,1
C00878,2023-05-22,유통/이커머스,Basic,1,29000,1
C00879,2023-08-21,공공,Basic,1,29000,1
C00880,2022-09-22,공공,Basic,1,29000,0
C00881,2023-06-02,의료,Basic,1,29000,0
C00882,2024-05-03,금융,Basic,1,29000,0
C00883,2022-07-29,제조,Basic,1,29000,0
C00884,2023-01-18,교육,Basic,4,116000,0
C00885,2022-10-23,교육,Enterprise,30,11700000,0
C00886,2022-11-28,유통/이커머스,Basic,2,58000,1
C00887,2024-04-08,IT/SW,Basic,2,58000,1
C00888,2024-04-29,공공,Enterprise,33,12870000,0
C00889,2023-02-03,IT/SW,Pro,7,693000,0
C00890,2022-06-21,유통/이커머스,Enterprise,33,12870000,0
C00891,2022-12-23,금융,Pro,8,792000,0
C00892,2023-02-04,금융,Basic,2,58000,0
C00893,2022-11-27,IT/SW,Pro,11,1089000,1
C00894,2023-10-15,제조,Pro,4,396000,0
C00895,2022-08-16,IT/SW,Pro,4,396000,0
C00896,2023-11-24,교육,Basic,1,29000,0
C00897,2024-01-18,금융,Pro,10,990000,0
C00898,2022-11-09,제조,Basic,1,29000,0
C00899,2023-03-19,공공,Pro,4,396000,0
C00900,2022-03-10,교육,Basic,1,29000,1
C00901,2023-04-23,유통/이커머스,Enterprise,34,13260000,0
C00902,2022-12-02,공공,Basic,1,29000,0
C00903,2023-10-12,공공,Basic,2,58000,1
C00904,2023-06-16,금융,Basic,2,58000,0
C00905,2022-05-17,제조,Pro,3,297000,0
C00906,2024-04-05,IT/SW,Enterprise,35,13650000,0
C00907,2023-12-11,제조,Basic,1,29000,0
C00908,2023-12-10,IT/SW,Enterprise,33,12870000,0
C00909,2022-01-12,공공,Pro,3,297000,1
C00910,2022-04-25,교육,Pro,5,495000,0
C00911,2022-11-14,스타트업,Pro,1,99000,0
C00912,2024-02-11,제조,Basic,1,29000,0
C00913,2022-03-08,제조,Basic,3,87000,0
C00914,2023-03-05,교육,Enterprise,34,13260000,0
C00915,2022-01-13,공공,Enterprise,26,10140000,0
C00916,2022-07-20,IT/SW,Enterprise,38,14820000,0
C00917,2022-06-06,의료,Basic,1,29000,1
C00918,2022-01-08,의료,Basic,1,29000,0
C00919,2022-10-29,제조,Basic,2,58000,0
C00920,2023-02-05,금융,Basic,4,116000,0
C00921,2022-06-27,금융,Basic,3,87000,1
C00922,2024-01-15,공공,Basic,2,58000,0
C00923,2022-08-28,IT/SW,Basic,2,58000,1
C00924,2023-02-10,금융,Basic,1,29000,0
C00925,2024-03-21,유통/이커머스,Basic,1,29000,1
C00926,2023-09-24,IT/SW,Pro,2,198000,0
C00927,2023-11-15,교육,Enterprise,32,12480000,0
C00928,2024-05-10,공공,Basic,1,29000,0
C00929,2024-05-29,제조,Pro,4,396000,0
C00930,2023-09-16,교육,Enterprise,26,10140000,0
C00931,2023-11-28,공공,Pro,7,693000,0
C00932,2022-06-22,IT/SW,Basic,1,29000,0
C00933,2023-08-06,유통/이커머스,Basic,1,29000,0
C00934,2024-03-20,의료,Pro,9,891000,0
C00935,2022-01-14,제조,Pro,5,495000,1
C00936,2023-05-11,스타트업,Basic,1,29000,1
C00937,2022-12-11,유통/이커머스,Enterprise,23,8970000,0
C00938,2024-01-02,제조,Pro,6,594000,0
C00939,2024-01-25,유통/이커머스,Basic,1,29000,0
C00940,2024-06-17,제조,Pro,6,594000,0
C00941,2022-01-17,의료,Basic,1,29000,0
C00942,2023-06-02,제조,Pro,5,495000,0
C00943,2023-12-27,IT/SW,Basic,1,29000,0
C00944,2023-07-20,유통/이커머스,Enterprise,27,10530000,0
C00945,2022-05-01,교육,Basic,1,29000,0
C00946,2023-05-13,교육,Pro,2,198000,1
C00947,2023-06-23,공공,Basic,3,87000,0
C00948,2024-05-18,스타트업,Basic,3,87000,0
C00949,2022-06-22,제조,Basic,1,29000,0
C00950,2024-03-08,교육,Basic,2,58000,0
C00951,2022-04-23,스타트업,Basic,1,29000,0
C00952,2024-06-07,교육,Basic,1,29000,0
C00953,2024-04-30,유통/이커머스,Basic,1,29000,0
C00954,2023-06-19,제조,Enterprise,35,13650000,0
C00955,2023-11-12,공공,Basic,1,29000,0
C00956,2023-07-18,유통/이커머스,Enterprise,21,8190000,0
C00957,2024-02-07,유통/이커머스,Pro,5,495000,0
C00958,2022-05-26,공공,Enterprise,29,11310000,0
C00959,2022-01-31,제조,Basic,2,58000,1
C00960,2023-11-15,금융,Basic,1,29000,0
C00961,2022-01-09,유통/이커머스,Basic,3,87000,0
C00962,2023-11-13,금융,Basic,1,29000,0
C00963,2023-06-07,의료,Pro,4,396000,0
C00964,2023-08-18,공공,Basic,1,29000,0
C00965,2023-06-07,IT/SW,Basic,1,29000,0
C00966,2023-02-10,제조,Enterprise,39,15210000,0
C00967,2022-02-03,의료,Basic,2,58000,1
C00968,2022-06-07,IT/SW,Basic,1,29000,0
C00969,2023-11-29,교육,Enterprise,36,14040000,0
C00970,2022-03-27,제조,Pro,3,297000,0
C00971,2024-01-27,스타트업,Basic,1,29000,0
C00972,2022-02-06,스타트업,Pro,6,594000,1
C00973,2022-11-02,금융,Basic,2,58000,1
C00974,2023-06-16,유통/이커머스,Enterprise,32,12480000,0
C00975,2022-09-27,금융,Basic,2,58000,0
C00976,2023-05-22,금융,Basic,3,87000,0
C00977,2022-04-24,공공,Pro,3,297000,0
C00978,2024-04-27,공공,Pro,6,594000,0
C00979,2022-12-10,금융,Basic,1,29000,0
C00980,2023-06-24,제조,Basic,1,29000,0
C00981,2023-08-06,금융,Basic,1,29000,1
C00982,2024-01-16,IT/SW,Enterprise,36,14040000,0
C00983,2022-10-04,스타트업,Pro,4,396000,0
C00984,2022-09-20,금융,Pro,4,396000,0
C00985,2024-06-05,금융,Basic,1,29000,0
C00986,2023-02-25,금융,Pro,6,594000,0
C00987,2023-03-11,제조,Pro,4,396000,0
C00988,2023-03-25,제조,Basic,1,29000,0
C00989,2023-10-12,제조,Basic,1,29000,0
C00990,2022-02-06,스타트업,Enterprise,22,8580000,0
C00991,2022-03-09,스타트업,Basic,1,29000,1
C00992,2024-02-07,스타트업,Basic,1,29000,0
C00993,2024-04-13,IT/SW,Basic,1,29000,0
C00994,2024-03-24,제조,Basic,1,29000,0
C00995,2022-01-22,의료,Basic,1,29000,0
C00996,2023-04-29,의료,Pro,7,693000,0
C00997,2023-08-12,금융,Enterprise,34,13260000,0
C00998,2022-02-01,유통/이커머스,Basic,1,29000,0
C00999,2023-05-23,제조,Basic,2,58000,0
C01000,2022-12-04,교육,Basic,1,29000,1
C01001,2024-05-05,스타트업,Basic,1,29000,0
C01002,2024-04-29,유통/이커머스,Pro,3,297000,0
C01003,2022-08-18,금융,Pro,5,495000,0
C01004,2024-03-07,IT/SW,Pro,7,693000,0
C01005,2022-09-25,유통/이커머스,Pro,4,396000,0
C01006,2023-12-27,공공,Pro,3,297000,0
C01007,2024-01-03,유통/이커머스,Basic,3,87000,0
C01008,2023-04-07,제조,Basic,1,29000,0
C01009,2023-04-07,제조,Enterprise,19,7410000,0
C01010,2022-09-06,제조,Basic,2,58000,0
C01011,2022-03-19,교육,Pro,9,891000,1
C01012,2022-03-07,금융,Enterprise,28,10920000,1
C01013,2023-02-12,IT/SW,Basic,1,29000,0
C01014,2022-01-12,IT/SW,Basic,1,29000,0
C01015,2023-03-23,교육,Pro,3,297000,0
C01016,2022-12-08,제조,Pro,4,396000,0
C01017,2023-06-06,제조,Pro,4,396000,0
C01018,2024-04-30,IT/SW,Pro,5,495000,1
C01019,2022-05-20,스타트업,Enterprise,29,11310000,0
C01020,2023-08-08,IT/SW,Pro,2,198000,0
C01021,2022-02-18,의료,Pro,9,891000,0
C01022,2024-04-07,유통/이커머스,Basic,1,29000,0
C01023,2022-03-18,스타트업,Pro,4,396000,1
C01024,2023-07-09,IT/SW,Basic,1,29000,0
C01025,2022-12-25,금융,Basic,1,29000,0
C01026,2022-07-26,교육,Basic,2,58000,0
C01027,2023-05-05,IT/SW,Pro,3,297000,0
C01028,2022-09-17,의료,Basic,1,29000,0
C01029,2024-04-01,의료,Basic,1,29000,0
C01030,2022-01-16,공공,Pro,8,792000,0
C01031,2022-09-04,제조,Basic,1,29000,0
C01032,2023-09-23,공공,Basic,1,29000,0
C01033,2024-02-13,금융,Basic,1,29000,0
C01034,2022-04-08,공공,Pro,3,297000,0
C01035,2023-06-22,공공,Enterprise,34,13260000,0
C01036,2024-01-27,스타트업,Pro,4,396000,0
C01037,2023-01-26,유통/이커머스,Pro,1,99000,0
C01038,2023-05-14,제조,Basic,1,29000,0
C01039,2022-07-06,교육,Basic,1,29000,0
C01040,2022-04-23,제조,Basic,2,58000,0
C01041,2023-12-21,스타트업,Pro,5,495000,0
C01042,2023-10-29,제조,Pro,8,792000,0
C01043,2022-12-04,IT/SW,Pro,4,396000,0
C01044,2023-01-27,금융,Basic,1,29000,0
C01045,2024-02-26,교육,Basic,1,29000,0
C01046,2024-03-02,금융,Enterprise,28,10920000,0
C01047,2022-03-27,유통/이커머스,Basic,2,58000,0
C01048,2022-12-11,IT/SW,Pro,8,792000,0
C01049,2023-12-04,유통/이커머스,Basic,1,29000,0
C01050,2023-06-23,IT/SW,Pro,2,198000,0
C01051,2024-03-25,스타트업,Basic,2,58000,0
C01052,2023-12-12,의료,Basic,1,29000,0
C01053,2023-08-06,IT/SW,Pro,2,198000,1
C01054,2022-03-25,의료,Basic,1,29000,0
C01055,2022-09-17,제조,Basic,3,87000,0
C01056,2022-01-05,유통/이커머스,Pro,5,495000,0
C01057,2024-06-14,유통/이커머스,Basic,1,29000,0
C01058,2022-06-17,교육,Enterprise,30,11700000,0
C01059,2023-09-15,제조,Enterprise,35,13650000,0
C01060,2023-03-31,의료,Pro,6,594000,0
C01061,2023-05-26,공공,Basic,1,29000,1
C01062,2022-11-27,유통/이커머스,Basic,1,29000,0
C01063,2024-03-26,유통/이커머스,Basic,1,29000,0
C01064,2023-08-24,IT/SW,Basic,3,87000,0
C01065,2022-07-07,교육,Pro,2,198000,0
C01066,2022-03-22,금융,Basic,3,87000,1
C01067,2024-02-05,공공,Pro,5,495000,0
C01068,2023-09-25,IT/SW,Pro,5,495000,1
C01069,2022-11-28,스타트업,Pro,3,297000,1
C01070,2023-10-08,금융,Basic,1,29000,1
C01071,2023-08-30,교육,Basic,1,29000,0
C01072,2022-12-15,제조,Pro,7,693000,0
C01073,2022-09-05,교육,Basic,1,29000,0
C01074,2022-08-19,금융,Basic,1,29000,0
C01075,2024-04-13,교육,Pro,2,198000,0
C01076,2023-10-22,금융,Basic,1,29000,0
C01077,2022-01-28,스타트업,Pro,2,198000,0
C01078,2023-02-20,제조,Enterprise,30,11700000,1
C01079,2023-12-12,제조,Pro,7,693000,0
C01080,2022-01-05,제조,Basic,1,29000,0
C01081,2022-05-03,유통/이커머스,Pro,5,495000,0
C01082,2024-03-31,공공,Basic,1,29000,0
C01083,2022-09-13,금융,Pro,6,594000,0
C01084,2023-07-13,스타트업,Basic,1,29000,0
C01085,2023-02-12,의료,Basic,2,58000,0
C01086,2023-05-09,IT/SW,Pro,6,594000,0
C01087,2023-11-19,스타트업,Pro,2,198000,0
C01088,2024-06-11,교육,Enterprise,25,9750000,0
C01089,2023-10-19,스타트업,Enterprise,25,9750000,0
C01090,2022-03-13,IT/SW,Enterprise,21,8190000,0
C01091,2023-08-30,교육,Basic,3,87000,0
C01092,2022-08-20,교육,Pro,2,198000,0
C01093,2023-04-14,의료,Basic,2,58000,0
C01094,2022-07-29,IT/SW,Basic,2,58000,0
C01095,2022-06-21,스타트업,Pro,7,693000,1
C01096,2024-05-09,교육,Basic,1,29000,0
C01097,2022-06-15,의료,Enterprise,34,13260000,0
C01098,2023-10-04,제조,Pro,4,396000,0
C01099,2024-04-16,유통/이커머스,Enterprise,32,12480000,0
C01100,2022-12-25,제조,Pro,4,396000,1
C01101,2022-03-09,유통/이커머스,Pro,6,594000,0
C01102,2022-02-03,스타트업,Basic,2,58000,0
C01103,2023-06-02,유통/이커머스,Enterprise,27,10530000,0
C01104,2023-02-06,IT/SW,Basic,1,29000,0
C01105,2023-04-18,IT/SW,Pro,9,891000,0
C01106,2022-10-04,유통/이커머스,Basic,2,58000,0
C01107,2022-04-28,금융,Enterprise,38,14820000,0
C01108,2022-11-23,의료,Basic,1,29000,0
C01109,2022-07-22,교육,Pro,4,396000,0
C01110,2023-07-15,스타트업,Pro,5,495000,0
C01111,2022-01-10,의료,Basic,2,58000,0
C01112,2023-12-02,IT/SW,Basic,2,58000,0
C01113,2022-04-18,제조,Basic,1,29000,0
C01114,2022-04-21,IT/SW,Pro,4,396000,0
C01115,2023-07-17,IT/SW,Basic,1,29000,0
C01116,2022-06-13,의료,Basic,1,29000,0
C01117,2022-12-22,스타트업,Basic,2,58000,0
C01118,2022-01-03,IT/SW,Pro,2,198000,0
C01119,2023-07-07,의료,Enterprise,25,9750000,1
C01120,2022-07-28,교육,Pro,4,396000,0
C01121,2023-05-01,금융,Pro,8,792000,0
C01122,2023-09-02,의료,Basic,1,29000,0
C01123,2022-11-18,제조,Enterprise,29,11310000,0
C01124,2023-01-25,IT/SW,Enterprise,30,11700000,0
C01125,2022-01-29,IT/SW,Pro,6,594000,0
C01126,2022-11-22,제조,Basic,2,58000,1
C01127,2022-07-16,스타트업,Basic,1,29000,0
C01128,2023-08-03,제조,Basic,2,58000,0
C01129,2022-11-13,IT/SW,Basic,3,87000,0
C01130,2024-02-09,공공,Basic,1,29000,0
C01131,2022-05-28,유통/이커머스,Pro,7,693000,1
C01132,2022-04-23,IT/SW,Pro,3,297000,0
C01133,2022-09-30,유통/이커머스,Pro,6,594000,0
C01134,2023-04-11,스타트업,Basic,2,58000,1
C01135,2022-08-12,IT/SW,Pro,4,396000,0
C01136,2023-11-03,IT/SW,Basic,1,29000,0
C01137,2023-12-06,공공,Basic,1,29000,0
C01138,2023-02-17,제조,Basic,2,58000,0
C01139,2022-12-28,IT/SW,Basic,1,29000,0
C01140,2022-03-01,IT/SW,Enterprise,25,9750000,0
C01141,2022-12-14,금융,Enterprise,27,10530000,0
C01142,2022-01-13,제조,Basic,1,29000,1
C01143,2022-04-13,제조,Pro,5,495000,0
C01144,2024-03-24,제조,Enterprise,35,13650000,1
C01145,2024-05-18,금융,Basic,1,29000,0
C01146,2023-02-02,금융,Enterprise,41,15990000,0
C01147,2022-07-11,금융,Basic,1,29000,0
C01148,2024-01-07,IT/SW,Pro,6,594000,0
C01149,2023-08-07,금융,Basic,1,29000,0
C01150,2023-03-08,IT/SW,Basic,2,58000,0
C01151,2022-02-12,유통/이커머스,Pro,5,495000,0
C01152,2024-01-22,금융,Pro,6,594000,1
C01153,2022-02-24,스타트업,Pro,7,693000,0
C01154,2023-10-03,제조,Enterprise,43,16770000,1
C01155,2022-12-07,스타트업,Basic,1,29000,0
C01156,2024-03-03,의료,Basic,1,29000,0
C01157,2022-10-02,IT/SW,Pro,5,495000,0
C01158,2023-09-14,IT/SW,Basic,1,29000,0
C01159,2023-11-04,IT/SW,Pro,7,693000,0
C01160,2022-12-16,금융,Basic,1,29000,0
C01161,2022-12-30,공공,Pro,5,495000,0
C01162,2024-02-24,금융,Basic,1,29000,0
C01163,2022-07-28,유통/이커머스,Enterprise,22,8580000,1
C01164,2023-05-03,유통/이커머스,Enterprise,28,10920000,0
C01165,2022-03-02,제조,Pro,5,495000,0
C01166,2022-05-03,공공,Basic,1,29000,0
C01167,2022-06-03,제조,Basic,3,87000,0
C01168,2023-11-26,스타트업,Pro,4,396000,0
C01169,2022-03-14,유통/이커머스,Pro,4,396000,0
C01170,2023-03-01,교육,Basic,1,29000,0
C01171,2022-04-29,IT/SW,Enterprise,31,12090000,0
C01172,2023-07-07,금융,Pro,2,198000,0
C01173,2022-12-24,IT/SW,Basic,1,29000,0
C01174,2022-06-18,의료,Enterprise,29,11310000,0
C01175,2023-10-05,IT/SW,Basic,1,29000,0
C01176,2023-11-30,금융,Basic,1,29000,0
C01177,2022-07-25,공공,Basic,1,29000,0
C01178,2024-04-20,공공,Pro,5,495000,0
C01179,2023-11-05,공공,Basic,2,58000,1
C01180,2023-11-14,유통/이커머스,Enterprise,32,12480000,0
C01181,2022-05-25,제조,Pro,5,495000,0
C01182,2023-08-15,공공,Enterprise,32,12480000,1
C01183,2024-01-18,IT/SW,Pro,2,198000,0
C01184,2022-01-26,의료,Pro,7,693000,0
C01185,2022-07-29,유통/이커머스,Pro,3,297000,0
C01186,2024-03-30,금융,Basic,1,29000,0
C01187,2022-03-30,금융,Pro,3,297000,0
C01188,2022-11-24,IT/SW,Pro,4,396000,0
C01189,2024-03-26,제조,Basic,1,29000,0
C01190,2022-07-28,금융,Pro,1,99000,1
C01191,2023-08-25,교육,Pro,3,297000,0
C01192,2023-04-26,IT/SW,Basic,1,29000,0
C01193,2022-11-02,교육,Pro,2,198000,0
C01194,2022-10-18,의료,Enterprise,30,11700000,0
C01195,2023-07-30,IT/SW,Pro,4,396000,0
C01196,2023-08-23,제조,Pro,5,495000,0
C01197,2023-04-26,스타트업,Basic,1,29000,0
C01198,2024-05-06,공공,Enterprise,36,14040000,0
C01199,2022-04-17,금융,Basic,2,58000,0
C01200,2024-06-16,스타트업,Basic,1,29000,0
C01201,2024-06-06,IT/SW,Pro,3,297000,0
C01202,2022-04-11,제조,Enterprise,38,14820000,0
C01203,2023-08-01,유통/이커머스,Pro,8,792000,0
C01204,2022-12-06,공공,Basic,2,58000,0
C01205,2024-02-17,스타트업,Pro,4,396000,0
C01206,2022-10-27,IT/SW,Pro,4,396000,0
C01207,2023-02-10,스타트업,Pro,7,693000,0
C01208,2022-08-06,의료,Basic,1,29000,0
C01209,2022-03-23,교육,Enterprise,31,12090000,0
C01210,2022-01-29,제조,Basic,3,87000,0
C01211,2022-06-25,금융,Basic,1,29000,1
C01212,2024-03-26,IT/SW,Enterprise,28,10920000,0
C01213,2022-06-05,공공,Basic,1,29000,0
C01214,2022-04-03,교육,Pro,1,99000,0
C01215,2022-12-25,의료,Pro,8,792000,0
C01216,2022-06-20,교육,Basic,2,58000,0
C01217,2022-04-01,제조,Enterprise,37,14430000,0
C01218,2023-11-27,제조,Basic,1,29000,0
C01219,2023-08-29,교육,Basic,1,29000,1
C01220,2023-04-01,유통/이커머스,Pro,5,495000,1
C01221,2023-11-06,IT/SW,Basic,1,29000,1
C01222,2023-08-30,제조,Basic,1,29000,0
C01223,2023-05-03,유통/이커머스,Pro,6,594000,0
C01224,2022-05-20,유통/이커머스,Enterprise,28,10920000,0
C01225,2024-05-11,IT/SW,Basic,1,29000,0
C01226,2023-10-12,공공,Basic,1,29000,0
C01227,2024-02-26,유통/이커머스,Enterprise,20,7800000,0
C01228,2022-10-08,금융,Basic,2,58000,0
C01229,2022-04-19,스타트업,Basic,1,29000,0
C01230,2023-09-20,스타트업,Basic,3,87000,0
C01231,2024-06-04,금융,Enterprise,31,12090000,0
C01232,2023-01-17,스타트업,Basic,1,29000,0
C01233,2022-10-09,의료,Basic,1,29000,0
C01234,2024-04-22,의료,Pro,7,693000,1
C01235,2024-03-28,스타트업,Pro,6,594000,0
C01236,2022-07-29,IT/SW,Basic,1,29000,0
C01237,2022-07-12,공공,Enterprise,27,10530000,0
C01238,2023-02-01,금융,Enterprise,29,11310000,0
C01239,2024-03-10,교육,Basic,3,87000,0
C01240,2022-09-19,IT/SW,Pro,6,594000,0
C01241,2022-10-15,유통/이커머스,Enterprise,44,17160000,1
C01242,2022-07-15,유통/이커머스,Enterprise,29,11310000,0
C01243,2023-02-01,교육,Basic,2,58000,0
C01244,2023-11-08,IT/SW,Pro,6,594000,0
C01245,2023-09-06,공공,Basic,1,29000,0
C01246,2022-04-27,의료,Pro,4,396000,0
C01247,2024-06-03,금융,Pro,9,891000,1
C01248,2023-12-18,IT/SW,Basic,1,29000,0
C01249,2022-05-27,IT/SW,Basic,1,29000,0
C01250,2023-07-31,제조,Basic,3,87000,1
C01251,2022-09-26,금융,Pro,6,594000,0
C01252,2024-03-26,유통/이커머스,Enterprise,25,9750000,0
C01253,2022-01-23,유통/이커머스,Basic,2,58000,0
C01254,2022-06-17,금융,Basic,2,58000,0
C01255,2022-04-22,금융,Basic,2,58000,0
C01256,2023-07-20,유통/이커머스,Basic,3,87000,0
C01257,2022-04-03,금융,Basic,1,29000,1
C01258,2023-04-24,의료,Pro,5,495000,1
C01259,2023-08-18,제조,Pro,6,594000,0
C01260,2022-10-14,IT/SW,Pro,4,396000,0
C01261,2022-01-30,IT/SW,Pro,4,396000,0
C01262,2024-04-03,IT/SW,Pro,4,396000,0
C01263,2024-04-06,제조,Pro,5,495000,0
C01264,2022-11-22,유통/이커머스,Pro,5,495000,0
C01265,2022-03-12,제조,Enterprise,30,11700000,0
C01266,2022-09-28,공공,Basic,1,29000,0
C01267,2024-03-26,스타트업,Basic,1,29000,0
C01268,2022-05-03,의료,Pro,8,792000,0
C01269,2022-01-25,IT/SW,Basic,2,58000,0
C01270,2022-03-02,금융,Basic,1,29000,0
C01271,2022-08-07,제조,Basic,3,87000,0
C01272,2023-08-01,공공,Pro,5,495000,1
C01273,2023-06-16,유통/이커머스,Enterprise,33,12870000,0
C01274,2022-12-05,의료,Basic,1,29000,0
C01275,2024-06-16,IT/SW,Pro,6,594000,0
C01276,2023-02-09,교육,Enterprise,27,10530000,0
C01277,2023-11-22,공공,Pro,3,297000,0
C01278,2023-07-29,제조,Pro,3,297000,0
C01279,2022-12-12,금융,Basic,4,116000,0
C01280,2022-07-17,유통/이커머스,Enterprise,35,13650000,0
C01281,2024-01-07,공공,Enterprise,32,12480000,0
C01282,2024-01-09,스타트업,Basic,1,29000,0
C01283,2023-09-04,스타트업,Basic,1,29000,0
C01284,2022-07-31,제조,Pro,5,495000,0
C01285,2022-10-14,제조,Basic,1,29000,0
C01286,2022-09-09,교육,Basic,1,29000,0
C01287,2023-07-10,교육,Enterprise,25,9750000,0
C01288,2023-04-05,유통/이커머스,Basic,1,29000,0
C01289,2024-03-19,제조,Basic,1,29000,0
C01290,2022-06-16,스타트업,Basic,1,29000,0
C01291,2023-11-03,금융,Enterprise,33,12870000,0
C01292,2022-12-25,유통/이커머스,Basic,1,29000,0
C01293,2022-03-08,IT/SW,Pro,3,297000,0
C01294,2022-11-27,IT/SW,Enterprise,26,10140000,0
C01295,2022-11-05,교육,Basic,1,29000,0
C01296,2022-01-14,공공,Enterprise,30,11700000,0
C01297,2023-07-09,유통/이커머스,Pro,7,693000,0
C01298,2024-01-26,제조,Pro,8,792000,1
C01299,2024-01-18,유통/이커머스,Enterprise,26,10140000,0
C01300,2023-01-09,공공,Basic,1,29000,0
C01301,2023-08-24,유통/이커머스,Pro,4,396000,1
C01302,2022-02-21,금융,Basic,1,29000,0
C01303,2023-07-09,IT/SW,Basic,2,58000,1
C01304,2023-01-09,유통/이커머스,Enterprise,33,12870000,0
C01305,2024-01-12,교육,Basic,1,29000,0
C01306,2022-06-16,제조,Pro,4,396000,1
C01307,2022-02-08,교육,Basic,2,58000,0
C01308,2022-07-31,스타트업,Enterprise,32,12480000,0
C01309,2022-10-23,금융,Basic,1,29000,1
C01310,2024-01-06,유통/이커머스,Basic,1,29000,0
C01311,2024-01-18,제조,Basic,3,87000,0
C01312,2024-04-14,금융,Basic,1,29000,0
C01313,2023-12-27,유통/이커머스,Basic,1,29000,0
C01314,2022-11-17,금융,Basic,2,58000,0
C01315,2024-06-13,IT/SW,Enterprise,23,8970000,1
C01316,2023-11-04,스타트업,Pro,5,495000,0
C01317,2024-04-06,IT/SW,Pro,6,594000,0
C01318,2023-10-29,금융,Enterprise,33,12870000,0
C01319,2023-03-17,금융,Basic,1,29000,0
C01320,2023-10-23,IT/SW,Pro,6,594000,0
C01321,2023-11-24,제조,Pro,6,594000,0
C01322,2023-05-27,스타트업,Basic,1,29000,0
C01323,2023-11-21,교육,Enterprise,37,14430000,1
C01324,2024-01-20,IT/SW,Basic,1,29000,0
C01325,2023-10-03,금융,Basic,1,29000,0
C01326,2023-06-22,IT/SW,Basic,3,87000,1
C01327,2022-08-30,제조,Pro,5,495000,0
C01328,2023-02-24,유통/이커머스,Basic,1,29000,0
C01329,2022-07-17,의료,Basic,1,29000,0
C01330,2024-03-06,유통/이커머스,Basic,1,29000,1
C01331,2022-02-24,유통/이커머스,Basic,2,58000,0
C01332,2024-01-15,제조,Pro,7,693000,0
C01333,2023-11-22,유통/이커머스,Pro,8,792000,0
C01334,2024-03-24,스타트업,Pro,7,693000,0
C01335,2023-08-21,스타트업,Basic,1,29000,0
C01336,2022-02-03,금융,Basic,1,29000,0
C01337,2022-09-10,스타트업,Basic,2,58000,0
C01338,2023-07-20,공공,Pro,6,594000,0
C01339,2023-08-24,제조,Pro,2,198000,0
C01340,2023-12-21,유통/이커머스,Basic,1,29000,0
C01341,2024-03-13,의료,Pro,3,297000,0
C01342,2022-02-24,교육,Basic,2,58000,0
C01343,2022-02-06,의료,Basic,1,29000,0
C01344,2022-01-25,제조,Basic,1,29000,1
C01345,2023-11-05,유통/이커머스,Enterprise,31,12090000,1
C01346,2023-06-10,스타트업,Pro,7,693000,0
C01347,2022-11-24,교육,Basic,2,58000,0
C01348,2024-04-28,공공,Pro,9,891000,1
C01349,2024-06-15,공공,Pro,5,495000,0
C01350,2023-09-09,제조,Pro,4,396000,0
C01351,2023-03-05,스타트업,Pro,3,297000,0
C01352,2023-03-09,의료,Pro,6,594000,0
C01353,2023-07-22,IT/SW,Pro,2,198000,0
C01354,2022-11-01,IT/SW,Pro,5,495000,0
C01355,2023-09-13,유통/이커머스,Pro,4,396000,0
C01356,2023-10-18,공공,Pro,8,792000,0
C01357,2023-04-09,교육,Basic,1,29000,1
C01358,2022-12-10,IT/SW,Basic,1,29000,0
C01359,2023-07-16,IT/SW,Basic,1,29000,0
C01360,2022-09-20,교육,Pro,5,495000,0
C01361,2022-05-31,유통/이커머스,Pro,6,594000,0
C01362,2023-08-30,금융,Pro,1,99000,0
C01363,2022-02-05,금융,Basic,2,58000,0
C01364,2023-12-01,금융,Pro,4,396000,0
C01365,2023-09-28,교육,Basic,1,29000,0
C01366,2024-03-04,유통/이커머스,Basic,1,29000,0
C01367,2022-10-23,금융,Basic,1,29000,0
C01368,2022-08-27,유통/이커머스,Basic,1,29000,0
C01369,2022-08-26,공공,Basic,2,58000,1
C01370,2022-06-24,제조,Pro,10,990000,0
C01371,2023-04-28,유통/이커머스,Basic,1,29000,0
C01372,2023-07-29,제조,Enterprise,23,8970000,0
C01373,2024-06-17,IT/SW,Enterprise,27,10530000,0
C01374,2024-03-12,제조,Basic,1,29000,0
C01375,2022-01-18,스타트업,Basic,1,29000,0
C01376,2022-07-17,유통/이커머스,Pro,2,198000,1
C01377,2024-05-28,제조,Pro,2,198000,0
C01378,2022-11-07,IT/SW,Basic,1,29000,0
C01379,2022-10-22,스타트업,Basic,1,29000,1
C01380,2022-12-29,의료,Basic,3,87000,0
C01381,2023-09-07,의료,Basic,3,87000,0
C01382,2022-09-04,IT/SW,Pro,3,297000,0
C01383,2023-08-30,의료,Pro,3,297000,0
C01384,2024-04-18,의료,Basic,2,58000,0
C01385,2024-03-27,공공,Basic,1,29000,1
C01386,2022-09-08,유통/이커머스,Basic,1,29000,0
C01387,2024-04-11,의료,Basic,1,29000,0
C01388,2023-10-31,제조,Enterprise,26,10140000,0
C01389,2023-04-21,IT/SW,Pro,5,495000,0
C01390,2022-02-04,IT/SW,Enterprise,39,15210000,1
C01391,2023-09-14,금융,Pro,5,495000,0
C01392,2022-05-10,유통/이커머스,Enterprise,32,12480000,0
C01393,2022-01-01,공공,Pro,6,594000,0
C01394,2022-03-09,스타트업,Pro,2,198000,0
C01395,2024-03-30,금융,Basic,3,87000,0
C01396,2022-07-20,IT/SW,Basic,1,29000,0
C01397,2022-08-16,스타트업,Enterprise,35,13650000,0
C01398,2022-01-14,제조,Basic,4,116000,0
C01399,2023-10-18,의료,Enterprise,22,8580000,0
C01400,2023-10-09,금융,Basic,1,29000,0
C01401,2024-01-19,의료,Basic,3,87000,0
C01402,2023-10-19,의료,Basic,1,29000,1
C01403,2024-03-03,공공,Enterprise,31,12090000,0
C01404,2023-05-12,공공,Enterprise,32,12480000,0
C01405,2023-10-23,의료,Basic,1,29000,0
C01406,2022-04-17,금융,Enterprise,28,10920000,0
C01407,2022-02-25,금융,Basic,1,29000,0
C01408,2023-07-30,금융,Basic,2,58000,0
C01409,2023-06-05,공공,Enterprise,20,7800000,0
C01410,2022-01-08,의료,Basic,1,29000,0
C01411,2022-08-16,IT/SW,Basic,1,29000,0
C01412,2023-06-17,IT/SW,Basic,1,29000,0
C01413,2022-09-09,공공,Pro,4,396000,0
C01414,2023-04-22,유통/이커머스,Pro,4,396000,0
C01415,2024-01-20,IT/SW,Pro,7,693000,1
C01416,2022-09-29,금융,Basic,1,29000,0
C01417,2024-05-15,교육,Enterprise,33,12870000,1
C01418,2022-04-02,금융,Pro,4,396000,0
C01419,2024-04-19,IT/SW,Pro,5,495000,0
C01420,2022-11-29,IT/SW,Pro,1,99000,0
C01421,2022-06-22,의료,Basic,1,29000,0
C01422,2024-01-27,유통/이커머스,Basic,1,29000,0
C01423,2022-04-19,IT/SW,Basic,1,29000,0
C01424,2022-04-20,IT/SW,Basic,3,87000,1
C01425,2024-04-03,의료,Basic,1,29000,0
C01426,2022-08-17,교육,Basic,1,29000,0
C01427,2023-06-17,유통/이커머스,Pro,7,693000,0
C01428,2022-05-19,유통/이커머스,Basic,2,58000,0
C01429,2022-11-02,제조,Basic,1,29000,0
C01430,2023-11-25,제조,Pro,5,495000,0
C01431,2022-07-18,금융,Basic,1,29000,1
C01432,2024-02-05,유통/이커머스,Pro,5,495000,0
C01433,2023-12-26,제조,Enterprise,39,15210000,0
C01434,2024-04-12,제조,Basic,1,29000,0
C01435,2024-05-27,금융,Basic,1,29000,0
C01436,2023-01-07,금융,Basic,1,29000,1
C01437,2023-01-12,교육,Basic,1,29000,0
C01438,2024-05-16,공공,Pro,7,693000,0
C01439,2023-11-07,스타트업,Pro,6,594000,0
C01440,2022-02-26,유통/이커머스,Pro,5,495000,1
C01441,2023-08-08,공공,Basic,1,29000,0
C01442,2022-08-24,유통/이커머스,Pro,7,693000,0
C01443,2023-12-21,IT/SW,Basic,1,29000,0
C01444,2024-03-12,의료,Basic,1,29000,0
C01445,2023-05-11,의료,Pro,8,792000,0
C01446,2023-12-05,금융,Basic,1,29000,0
C01447,2022-05-28,스타트업,Enterprise,30,11700000,1
C01448,2024-05-29,유통/이커머스,Basic,1,29000,0
C01449,2023-08-31,금융,Basic,1,29000,0
C01450,2023-12-18,금융,Pro,5,495000,0
C01451,2022-02-19,스타트업,Basic,2,58000,1
C01452,2023-05-01,교육,Enterprise,36,14040000,0
C01453,2024-05-11,금융,Basic,4,116000,0
C01454,2023-11-25,교육,Basic,1,29000,0
C01455,2022-09-20,IT/SW,Enterprise,36,14040000,0
C01456,2023-05-14,제조,Pro,3,297000,0
C01457,2023-01-30,유통/이커머스,Basic,2,58000,0
C01458,2023-01-21,제조,Basic,1,29000,1
C01459,2024-05-01,교육,Basic,1,29000,1
C01460,2024-01-31,IT/SW,Basic,1,29000,0
C01461,2023-03-18,교육,Pro,5,495000,0
C01462,2023-09-24,스타트업,Pro,9,891000,0
C01463,2023-04-30,제조,Enterprise,30,11700000,0
C01464,2024-04-16,IT/SW,Basic,1,29000,1
C01465,2022-11-22,의료,Pro,4,396000,0
C01466,2022-08-12,유통/이커머스,Pro,4,396000,1
C01467,2023-07-07,의료,Pro,2,198000,1
C01468,2024-05-06,유통/이커머스,Basic,2,58000,0
C01469,2023-04-19,공공,Pro,8,792000,0
C01470,2022-05-24,IT/SW,Pro,7,693000,0
C01471,2023-04-17,제조,Pro,6,594000,0
C01472,2023-09-10,금융,Basic,2,58000,0
C01473,2022-08-30,유통/이커머스,Basic,3,87000,1
C01474,2023-10-14,교육,Pro,5,495000,0
C01475,2023-05-23,IT/SW,Basic,3,87000,0
C01476,2023-11-27,의료,Basic,1,29000,0
C01477,2022-09-08,교육,Basic,3,87000,0
C01478,2023-04-06,제조,Pro,2,198000,0
C01479,2024-04-13,금융,Enterprise,23,8970000,1
C01480,2023-11-28,교육,Basic,1,29000,0
C01481,2023-04-27,제조,Basic,2,58000,0
C01482,2022-06-04,유통/이커머스,Pro,6,594000,0
C01483,2024-06-11,유통/이커머스,Pro,6,594000,0
C01484,2022-07-12,유통/이커머스,Pro,2,198000,0
C01485,2024-04-29,금융,Pro,7,693000,1
C01486,2022-09-13,유통/이커머스,Pro,5,495000,0
C01487,2022-09-20,IT/SW,Basic,1,29000,0
C01488,2023-10-14,제조,Basic,1,29000,0
C01489,2022-12-23,유통/이커머스,Basic,1,29000,0
C01490,2022-09-03,교육,Pro,3,297000,0
C01491,2022-06-22,교육,Basic,1,29000,1
C01492,2023-09-30,교육,Basic,1,29000,0
C01493,2022-05-03,교육,Pro,4,396000,1
C01494,2022-11-26,유통/이커머스,Basic,1,29000,0
C01495,2023-02-26,제조,Pro,3,297000,0
C01496,2024-05-14,IT/SW,Pro,10,990000,0
C01497,2022-06-02,유통/이커머스,Pro,11,1089000,0
C01498,2024-05-28,IT/SW,Basic,1,29000,0
C01499,2022-10-26,의료,Basic,3,87000,0
C01500,2022-04-04,공공,Basic,1,29000,1
C01501,2022-01-29,제조,Basic,1,29000,1
C01502,2022-05-04,IT/SW,Pro,4,396000,0
C01503,2022-07-22,금융,Enterprise,31,12090000,0
C01504,2022-09-18,제조,Basic,1,29000,0
C01505,2023-06-11,IT/SW,Basic,3,87000,0
C01506,2022-11-06,유통/이커머스,Basic,2,58000,1
C01507,2024-02-04,제조,Basic,2,58000,0
C01508,2022-08-04,의료,Basic,1,29000,0
C01509,2023-08-09,공공,Basic,2,58000,0
C01510,2022-07-17,제조,Basic,1,29000,1
C01511,2022-06-14,의료,Enterprise,31,12090000,0
C01512,2022-05-26,제조,Basic,1,29000,0
C01513,2022-11-20,제조,Basic,1,29000,0
C01514,2023-06-27,의료,Basic,1,29000,0
C01515,2022-01-15,유통/이커머스,Enterprise,25,9750000,0
C01516,2022-12-13,제조,Basic,2,58000,0
C01517,2022-11-21,제조,Basic,1,29000,1
C01518,2022-05-21,유통/이커머스,Pro,6,594000,0
C01519,2023-12-24,유통/이커머스,Pro,7,693000,0
C01520,2023-09-27,제조,Basic,2,58000,0
C01521,2023-08-20,제조,Basic,1,29000,0
C01522,2022-12-24,제조,Basic,3,87000,0
C01523,2023-12-23,제조,Basic,1,29000,0
C01524,2023-11-28,교육,Enterprise,39,15210000,0
C01525,2022-12-29,유통/이커머스,Enterprise,26,10140000,0
C01526,2023-10-10,IT/SW,Basic,1,29000,0
C01527,2022-06-25,스타트업,Pro,3,297000,1
C01528,2024-04-15,IT/SW,Pro,6,594000,0
C01529,2022-12-28,제조,Enterprise,31,12090000,0
C01530,2022-03-05,IT/SW,Basic,1,29000,0
C01531,2022-04-26,IT/SW,Basic,1,29000,0
C01532,2022-06-03,공공,Basic,3,87000,0
C01533,2023-01-29,IT/SW,Basic,1,29000,0
C01534,2022-02-12,제조,Basic,2,58000,1
C01535,2023-02-06,유통/이커머스,Enterprise,26,10140000,0
C01536,2022-06-11,유통/이커머스,Pro,3,297000,0
C01537,2023-02-06,의료,Basic,1,29000,0
C01538,2023-06-03,제조,Basic,1,29000,0
C01539,2023-06-15,유통/이커머스,Basic,1,29000,0
C01540,2022-11-07,공공,Enterprise,27,10530000,0
C01541,2022-05-14,유통/이커머스,Pro,6,594000,0
C01542,2023-02-10,금융,Enterprise,32,12480000,0
C01543,2023-09-09,교육,Basic,1,29000,0
C01544,2024-06-02,스타트업,Basic,1,29000,0
C01545,2023-05-07,유통/이커머스,Basic,1,29000,1
C01546,2024-01-16,교육,Basic,1,29000,0
C01547,2023-03-14,유통/이커머스,Basic,3,87000,1
C01548,2023-02-24,의료,Basic,1,29000,0
C01549,2023-05-08,제조,Basic,2,58000,0
C01550,2024-05-03,금융,Basic,1,29000,0
C01551,2023-03-20,의료,Basic,1,29000,0
C01552,2022-04-23,의료,Pro,5,495000,0
C01553,2023-06-22,IT/SW,Enterprise,37,14430000,0
C01554,2022-12-28,공공,Pro,3,297000,0
C01555,2023-01-26,유통/이커머스,Basic,1,29000,0
C01556,2023-12-22,제조,Enterprise,32,12480000,0
C01557,2022-11-18,교육,Basic,5,145000,0
C01558,2024-04-07,공공,Basic,1,29000,0
C01559,2022-05-25,의료,Pro,5,495000,1
C01560,2023-06-28,공공,Basic,1,29000,0
C01561,2022-06-02,스타트업,Basic,1,29000,1
C01562,2024-03-22,금융,Pro,3,297000,0
C01563,2022-02-22,유통/이커머스,Pro,7,693000,0
C01564,2023-03-28,제조,Pro,1,99000,0
C01565,2022-02-17,IT/SW,Basic,2,58000,0
C01566,2022-10-30,공공,Basic,3,87000,0
C01567,2022-08-15,IT/SW,Basic,1,29000,0
C01568,2022-07-02,공공,Basic,1,29000,0
C01569,2023-07-02,IT/SW,Pro,2,198000,1
C01570,2024-02-20,제조,Basic,1,29000,0
C01571,2022-03-15,제조,Basic,1,29000,0
C01572,2024-04-06,IT/SW,Enterprise,23,8970000,0
C01573,2022-09-22,유통/이커머스,Pro,7,693000,0
C01574,2022-03-22,유통/이커머스,Pro,6,594000,0
C01575,2023-11-01,IT/SW,Basic,1,29000,0
C01576,2023-11-15,금융,Basic,1,29000,0
C01577,2023-12-23,IT/SW,Pro,7,693000,0
C01578,2022-03-02,의료,Basic,1,29000,0
C01579,2022-06-11,교육,Basic,3,87000,1
C01580,2022-08-25,IT/SW,Enterprise,40,15600000,1
C01581,2022-09-29,교육,Basic,1,29000,0
C01582,2023-03-19,스타트업,Pro,3,297000,0
C01583,2024-01-13,의료,Basic,1,29000,1
C01584,2022-05-01,스타트업,Basic,1,29000,0
C01585,2023-07-29,IT/SW,Basic,1,29000,0
C01586,2024-06-01,제조,Basic,1,29000,0
C01587,2022-12-29,IT/SW,Pro,8,792000,0
C01588,2023-06-25,제조,Basic,1,29000,0
C01589,2022-08-08,금융,Basic,2,58000,0
C01590,2023-09-23,공공,Enterprise,29,11310000,1
C01591,2022-08-09,유통/이커머스,Enterprise,37,14430000,1
C01592,2023-07-23,제조,Basic,3,87000,0
C01593,2023-05-13,IT/SW,Enterprise,30,11700000,0
C01594,2022-09-07,공공,Basic,1,29000,0
C01595,2022-11-22,교육,Enterprise,30,11700000,1
C01596,2024-01-30,IT/SW,Pro,4,396000,1
C01597,2023-07-23,제조,Basic,2,58000,0
C01598,2022-03-31,제조,Basic,1,29000,0
C01599,2022-07-11,금융,Pro,8,792000,0
C01600,2023-02-08,공공,Basic,1,29000,0
C01601,2023-10-11,유통/이커머스,Basic,2,58000,0
C01602,2022-07-19,IT/SW,Pro,7,693000,0
C01603,2023-08-16,스타트업,Pro,7,693000,1
C01604,2023-07-17,교육,Basic,1,29000,0
C01605,2023-03-31,IT/SW,Pro,6,594000,1
C01606,2023-10-15,유통/이커머스,Pro,5,495000,0
C01607,2023-02-28,공공,Pro,3,297000,0
C01608,2023-04-28,제조,Pro,7,693000,0
C01609,2023-10-09,금융,Basic,1,29000,0
C01610,2023-04-05,교육,Enterprise,33,12870000,1
C01611,2024-01-31,교육,Pro,3,297000,0
C01612,2023-02-20,IT/SW,Basic,1,29000,0
C01613,2022-10-29,IT/SW,Pro,2,198000,0
C01614,2022-08-01,IT/SW,Basic,2,58000,0
C01615,2023-03-13,스타트업,Basic,1,29000,0
C01616,2022-11-20,IT/SW,Pro,7,693000,0
C01617,2023-03-31,IT/SW,Basic,1,29000,0
C01618,2023-03-07,교육,Enterprise,29,11310000,0
C01619,2022-12-02,유통/이커머스,Pro,5,495000,0
C01620,2023-02-02,공공,Pro,5,495000,1
C01621,2022-12-09,IT/SW,Enterprise,26,10140000,0
C01622,2023-08-09,교육,Basic,1,29000,0
C01623,2022-09-23,IT/SW,Pro,2,198000,0
C01624,2022-06-02,금융,Pro,3,297000,0
C01625,2024-01-05,제조,Pro,5,495000,0
C01626,2022-10-10,제조,Basic,1,29000,0
C01627,2023-07-07,유통/이커머스,Basic,3,87000,0
C01628,2023-01-24,교육,Pro,6,594000,0
C01629,2024-03-05,의료,Basic,1,29000,0
C01630,2023-09-08,스타트업,Basic,1,29000,0
C01631,2022-12-21,스타트업,Pro,5,495000,0
C01632,2024-03-06,스타트업,Basic,1,29000,0
C01633,2024-05-14,스타트업,Pro,8,792000,0
C01634,2024-01-17,IT/SW,Pro,5,495000,1
C01635,2022-05-11,유통/이커머스,Pro,4,396000,1
C01636,2022-08-16,유통/이커머스,Pro,5,495000,0
C01637,2023-09-20,공공,Pro,2,198000,0
C01638,2023-01-31,IT/SW,Pro,4,396000,0
C01639,2022-10-13,제조,Basic,1,29000,0
C01640,2024-01-25,공공,Pro,6,594000,0
C01641,2022-11-15,IT/SW,Basic,1,29000,0
C01642,2023-06-11,교육,Pro,5,495000,1
C01643,2023-10-30,유통/이커머스,Basic,1,29000,0
C01644,2022-05-26,의료,Pro,6,594000,0
C01645,2023-07-14,의료,Pro,2,198000,0
C01646,2022-10-19,제조,Enterprise,36,14040000,0
C01647,2022-09-28,금융,Pro,3,297000,1
C01648,2023-01-29,공공,Enterprise,30,11700000,0
C01649,2023-06-02,유통/이커머스,Basic,1,29000,0
C01650,2023-01-21,제조,Basic,1,29000,0
C01651,2023-03-24,금융,Enterprise,31,12090000,0
C01652,2022-05-05,IT/SW,Basic,1,29000,0
C01653,2022-07-28,공공,Pro,6,594000,0
C01654,2022-05-09,IT/SW,Basic,1,29000,1
C01655,2022-12-24,금융,Pro,3,297000,1
C01656,2023-08-10,제조,Basic,1,29000,1
C01657,2022-10-04,공공,Enterprise,30,11700000,0
C01658,2022-03-23,유통/이커머스,Pro,6,594000,0
C01659,2022-06-23,금융,Enterprise,45,17550000,0
C01660,2023-08-07,IT/SW,Basic,1,29000,0
C01661,2023-07-05,IT/SW,Pro,2,198000,0
C01662,2022-05-04,제조,Basic,1,29000,0
C01663,2022-03-13,제조,Basic,1,29000,0
C01664,2023-04-05,의료,Pro,9,891000,0
C01665,2024-01-17,금융,Pro,5,495000,0
C01666,2022-04-04,스타트업,Basic,1,29000,0
C01667,2023-07-12,IT/SW,Basic,1,29000,0
C01668,2024-03-10,제조,Basic,1,29000,0
C01669,2023-12-17,제조,Basic,2,58000,1
C01670,2024-03-21,IT/SW,Enterprise,36,14040000,0
C01671,2023-06-03,유통/이커머스,Basic,2,58000,0
C01672,2023-02-09,제조,Pro,8,792000,0
C01673,2022-02-11,IT/SW,Basic,2,58000,0
C01674,2023-02-01,의료,Basic,1,29000,0
C01675,2023-12-13,유통/이커머스,Basic,2,58000,0
C01676,2022-04-28,IT/SW,Pro,7,693000,0
C01677,2024-05-02,제조,Pro,5,495000,0
C01678,2022-02-21,교육,Enterprise,24,9360000,0
C01679,2024-04-13,유통/이커머스,Enterprise,26,10140000,0
C01680,2023-11-02,유통/이커머스,Basic,1,29000,0
C01681,2022-12-21,제조,Basic,2,58000,0
C01682,2024-02-01,유통/이커머스,Basic,2,58000,0
C01683,2022-04-23,스타트업,Basic,4,116000,0
C01684,2023-08-18,공공,Pro,2,198000,0
C01685,2024-04-29,공공,Pro,7,693000,0
C01686,2023-06-25,의료,Enterprise,28,10920000,0
C01687,2022-11-20,IT/SW,Basic,2,58000,0
C01688,2022-02-13,IT/SW,Basic,1,29000,0
C01689,2023-12-28,제조,Pro,4,396000,1
C01690,2022-06-29,금융,Basic,4,116000,0
C01691,2022-07-18,IT/SW,Basic,2,58000,0
C01692,2023-04-03,IT/SW,Pro,2,198000,1
C01693,2024-01-22,교육,Enterprise,30,11700000,0
C01694,2022-06-12,금융,Pro,2,198000,0
C01695,2022-09-10,IT/SW,Pro,11,1089000,0
C01696,2022-01-24,금융,Pro,6,594000,0
C01697,2024-06-10,제조,Pro,3,297000,0
C01698,2022-12-25,공공,Pro,2,198000,0
C01699,2023-02-12,공공,Basic,2,58000,0
C01700,2023-06-29,IT/SW,Pro,8,792000,0
C01701,2022-07-19,교육,Pro,3,297000,0
C01702,2023-09-08,공공,Basic,1,29000,0
C01703,2023-10-10,스타트업,Basic,1,29000,0
C01704,2023-03-07,유통/이커머스,Basic,1,29000,1
C01705,2023-04-09,유통/이커머스,Pro,7,693000,0
C01706,2024-06-09,의료,Pro,12,1188000,0
C01707,2023-02-11,금융,Pro,4,396000,1
C01708,2023-10-17,유통/이커머스,Basic,1,29000,0
C01709,2023-12-23,제조,Basic,1,29000,0
C01710,2023-04-13,금융,Pro,4,396000,1
C01711,2023-06-30,유통/이커머스,Basic,1,29000,0
C01712,2024-01-25,스타트업,Basic,1,29000,0
C01713,2022-04-03,제조,Basic,2,58000,0
C01714,2023-09-25,IT/SW,Basic,1,29000,0
C01715,2023-12-30,IT/SW,Basic,1,29000,0
C01716,2023-11-20,IT/SW,Basic,1,29000,0
C01717,2022-09-30,공공,Pro,3,297000,1
C01718,2022-05-02,교육,Basic,3,87000,0
C01719,2023-12-22,공공,Basic,1,29000,0
C01720,2024-04-04,유통/이커머스,Basic,1,29000,1
C01721,2023-03-05,금융,Enterprise,21,8190000,1
C01722,2023-10-02,교육,Basic,1,29000,0
C01723,2022-05-15,금융,Basic,1,29000,1
C01724,2023-07-04,의료,Enterprise,30,11700000,0
C01725,2022-02-28,스타트업,Pro,3,297000,0
C01726,2024-06-15,제조,Basic,2,58000,0
C01727,2023-05-14,공공,Pro,6,594000,0
C01728,2023-04-16,의료,Basic,1,29000,0
C01729,2024-06-15,유통/이커머스,Pro,6,594000,0
C01730,2022-10-04,IT/SW,Pro,3,297000,0
C01731,2024-04-16,IT/SW,Enterprise,31,12090000,0
C01732,2022-08-16,IT/SW,Pro,2,198000,0
C01733,2022-06-09,금융,Basic,1,29000,0
C01734,2022-08-02,의료,Pro,5,495000,0
C01735,2023-12-31,IT/SW,Basic,1,29000,0
C01736,2024-06-16,제조,Basic,1,29000,1
C01737,2024-03-15,금융,Basic,1,29000,0
C01738,2023-09-04,의료,Basic,1,29000,0
C01739,2022-04-07,스타트업,Basic,1,29000,1
C01740,2022-08-01,IT/SW,Basic,1,29000,0
C01741,2023-01-05,IT/SW,Pro,6,594000,0
C01742,2023-06-13,스타트업,Pro,5,495000,0
C01743,2022-06-21,교육,Basic,1,29000,0
C01744,2023-07-04,유통/이커머스,Basic,3,87000,1
C01745,2023-12-14,제조,Basic,1,29000,0
C01746,2024-05-18,제조,Basic,1,29000,0
C01747,2023-01-16,제조,Pro,5,495000,0
C01748,2022-08-28,유통/이커머스,Basic,1,29000,0
C01749,2022-01-04,의료,Basic,1,29000,0
C01750,2024-03-06,제조,Enterprise,42,16380000,0
C01751,2023-04-09,금융,Pro,7,693000,0
C01752,2022-12-29,교육,Basic,2,58000,0
C01753,2023-12-28,스타트업,Enterprise,23,8970000,0
C01754,2023-05-27,공공,Pro,2,198000,1
C01755,2023-11-02,교육,Basic,1,29000,1
C01756,2022-01-24,스타트업,Basic,1,29000,0
C01757,2022-01-16,의료,Pro,2,198000,0
C01758,2023-09-03,스타트업,Pro,5,495000,0
C01759,2023-02-19,제조,Basic,2,58000,0
C01760,2023-08-30,제조,Pro,6,594000,1
C01761,2022-11-22,유통/이커머스,Basic,1,29000,1
C01762,2023-09-17,유통/이커머스,Basic,1,29000,1
C01763,2023-06-20,IT/SW,Basic,3,87000,0
C01764,2023-05-10,제조,Pro,4,396000,1
C01765,2022-02-19,IT/SW,Pro,4,396000,0
C01766,2022-12-06,유통/이커머스,Basic,1,29000,0
C01767,2023-05-12,금융,Enterprise,31,12090000,0
C01768,2022-07-13,스타트업,Basic,1,29000,0
C01769,2022-02-24,제조,Basic,1,29000,0
C01770,2024-06-04,제조,Pro,2,198000,1
C01771,2023-09-06,IT/SW,Pro,6,594000,0
C01772,2024-01-25,유통/이커머스,Pro,7,693000,0
C01773,2023-01-14,유통/이커머스,Pro,6,594000,1
C01774,2022-07-05,스타트업,Enterprise,42,16380000,0
C01775,2023-05-01,금융,Pro,1,99000,0
C01776,2022-07-21,금융,Basic,1,29000,0
C01777,2024-04-12,유통/이커머스,Basic,1,29000,0
C01778,2022-06-10,유통/이커머스,Pro,4,396000,0
C01779,2022-05-23,제조,Pro,3,297000,0
C01780,2024-06-15,교육,Pro,7,693000,0
C01781,2022-04-08,제조,Pro,9,891000,0
C01782,2023-09-11,교육,Pro,3,297000,0
C01783,2022-05-22,유통/이커머스,Basic,1,29000,0
C01784,2024-06-15,유통/이커머스,Pro,1,99000,0
C01785,2022-04-12,스타트업,Basic,1,29000,0
C01786,2023-11-16,제조,Pro,4,396000,0
C01787,2024-05-09,금융,Basic,1,29000,0
C01788,2022-07-06,교육,Basic,1,29000,0
C01789,2023-11-09,IT/SW,Basic,2,58000,0
C01790,2024-01-21,공공,Basic,1,29000,0
C01791,2022-12-31,IT/SW,Basic,1,29000,0
C01792,2022-09-09,유통/이커머스,Basic,1,29000,0
C01793,2024-05-14,스타트업,Basic,1,29000,1
C01794,2023-04-06,금융,Basic,1,29000,0
C01795,2023-04-12,유통/이커머스,Pro,5,495000,0
C01796,2023-09-29,IT/SW,Pro,6,594000,0
C01797,2022-11-20,IT/SW,Basic,1,29000,1
C01798,2022-10-16,IT/SW,Basic,2,58000,0
C01799,2023-02-17,제조,Pro,7,693000,0
C01800,2022-05-28,유통/이커머스,Basic,2,58000,0
C01801,2022-08-03,제조,Basic,3,87000,0
C01802,2022-06-19,유통/이커머스,Pro,1,99000,0
C01803,2023-02-02,의료,Pro,3,297000,0
C01804,2022-07-05,IT/SW,Enterprise,30,11700000,0
C01805,2023-08-23,IT/SW,Enterprise,21,8190000,1
C01806,2022-02-25,IT/SW,Basic,1,29000,1
C01807,2023-01-07,금융,Pro,6,594000,0
C01808,2022-09-29,스타트업,Basic,1,29000,1
C01809,2023-11-24,유통/이커머스,Basic,3,87000,0
C01810,2022-07-06,금융,Pro,7,693000,0
C01811,2022-09-07,IT/SW,Basic,2,58000,0
C01812,2022-12-09,제조,Basic,1,29000,0
C01813,2024-01-04,유통/이커머스,Basic,2,58000,1
C01814,2024-04-13,IT/SW,Basic,1,29000,1
C01815,2022-10-23,제조,Enterprise,30,11700000,0
C01816,2023-11-29,금융,Basic,1,29000,0
C01817,2022-04-11,공공,Enterprise,32,12480000,0
C01818,2022-11-02,IT/SW,Basic,1,29000,0
C01819,2022-07-04,교육,Pro,4,396000,0
C01820,2023-06-22,의료,Basic,1,29000,0
C01821,2022-12-17,유통/이커머스,Basic,2,58000,0
C01822,2022-10-10,제조,Basic,1,29000,0
C01823,2023-05-21,금융,Enterprise,33,12870000,0
C01824,2023-12-14,IT/SW,Basic,1,29000,0
C01825,2023-06-30,교육,Basic,1,29000,0
C01826,2022-09-23,교육,Pro,7,693000,0
C01827,2023-07-27,금융,Basic,1,29000,0
C01828,2022-06-03,금융,Pro,9,891000,0
C01829,2022-03-12,IT/SW,Basic,1,29000,1
C01830,2023-01-24,공공,Pro,4,396000,0
C01831,2023-12-25,유통/이커머스,Enterprise,24,9360000,0
C01832,2024-02-14,유통/이커머스,Basic,1,29000,0
C01833,2023-10-29,의료,Basic,1,29000,0
C01834,2022-12-12,유통/이커머스,Basic,1,29000,0
C01835,2024-01-30,의료,Pro,4,396000,0
C01836,2023-06-13,유통/이커머스,Pro,7,693000,0
C01837,2023-09-01,금융,Basic,1,29000,1
C01838,2023-06-20,IT/SW,Pro,6,594000,0
C01839,2022-03-10,교육,Pro,4,396000,0
C01840,2023-04-29,제조,Enterprise,41,15990000,0
C01841,2022-01-19,공공,Basic,1,29000,0
C01842,2024-03-08,유통/이커머스,Basic,1,29000,0
C01843,2022-03-22,IT/SW,Basic,2,58000,0
C01844,2023-09-09,의료,Pro,4,396000,0
C01845,2022-05-15,IT/SW,Basic,1,29000,1
C01846,2024-03-09,제조,Enterprise,35,13650000,0
C01847,2024-05-16,IT/SW,Enterprise,33,12870000,1
C01848,2022-07-08,IT/SW,Pro,8,792000,0
C01849,2024-06-02,스타트업,Enterprise,31,12090000,0
C01850,2022-01-23,유통/이커머스,Basic,1,29000,0
C01851,2023-03-24,공공,Basic,1,29000,0
C01852,2022-02-27,IT/SW,Basic,2,58000,0
C01853,2022-03-29,IT/SW,Basic,1,29000,1
C01854,2022-01-19,IT/SW,Enterprise,28,10920000,0
C01855,2023-05-19,제조,Enterprise,22,8580000,0
C01856,2022-11-25,IT/SW,Basic,1,29000,0
C01857,2023-06-21,IT/SW,Basic,1,29000,1
C01858,2024-04-25,유통/이커머스,Pro,3,297000,0
C01859,2024-04-05,스타트업,Pro,3,297000,0
C01860,2024-01-11,의료,Basic,1,29000,0
C01861,2023-12-14,IT/SW,Basic,1,29000,1
C01862,2024-05-18,제조,Basic,1,29000,0
C01863,2023-05-02,교육,Basic,1,29000,1
C01864,2022-05-20,제조,Basic,1,29000,0
C01865,2022-09-02,IT/SW,Pro,2,198000,0
C01866,2023-03-23,교육,Basic,1,29000,0
C01867,2023-08-18,금융,Pro,4,396000,0
C01868,2023-03-05,공공,Basic,1,29000,1
C01869,2023-03-13,공공,Basic,3,87000,0
C01870,2022-07-02,IT/SW,Pro,7,693000,0
C01871,2022-10-20,금융,Pro,2,198000,0
C01872,2023-08-23,공공,Enterprise,28,10920000,1
C01873,2022-03-16,공공,Basic,1,29000,0
C01874,2023-01-15,제조,Basic,1,29000,1
C01875,2023-09-18,스타트업,Enterprise,30,11700000,0
C01876,2024-02-08,IT/SW,Basic,2,58000,0
C01877,2023-02-14,유통/이커머스,Basic,1,29000,0
C01878,2022-11-23,유통/이커머스,Enterprise,37,14430000,1
C01879,2022-07-30,공공,Basic,1,29000,0
C01880,2022-02-23,IT/SW,Basic,1,29000,0
C01881,2024-05-26,금융,Pro,7,693000,0
C01882,2023-12-22,제조,Basic,2,58000,0
C01883,2022-01-12,제조,Basic,1,29000,0
C01884,2023-07-19,교육,Pro,1,99000,0
C01885,2024-04-12,제조,Basic,2,58000,0
C01886,2023-11-05,유통/이커머스,Basic,1,29000,1
C01887,2023-07-16,금융,Pro,2,198000,0
C01888,2022-04-07,유통/이커머스,Basic,1,29000,0
C01889,2022-09-13,IT/SW,Basic,1,29000,1
C01890,2022-02-26,교육,Pro,3,297000,0
C01891,2023-03-01,스타트업,Basic,1,29000,0
C01892,2023-08-30,의료,Basic,1,29000,1
C01893,2023-10-30,유통/이커머스,Pro,6,594000,0
C01894,2024-04-12,금융,Basic,1,29000,0
C01895,2022-09-16,금융,Basic,1,29000,0
C01896,2023-11-30,유통/이커머스,Pro,5,495000,0
C01897,2022-07-30,IT/SW,Pro,2,198000,0
C01898,2024-01-15,스타트업,Basic,1,29000,0
C01899,2023-10-27,교육,Enterprise,40,15600000,0
C01900,2022-06-07,교육,Basic,1,29000,1
C01901,2024-04-29,금융,Enterprise,22,8580000,0
C01902,2023-09-20,금융,Basic,1,29000,1
C01903,2023-09-02,IT/SW,Basic,2,58000,0
C01904,2023-06-12,스타트업,Enterprise,37,14430000,0
C01905,2024-02-16,금융,Pro,7,693000,0
C01906,2023-03-04,의료,Basic,3,87000,0
C01907,2022-05-04,제조,Enterprise,36,14040000,0
C01908,2023-07-12,공공,Basic,2,58000,0
C01909,2023-02-14,금융,Enterprise,27,10530000,1
C01910,2022-10-10,의료,Basic,1,29000,1
C01911,2024-03-09,IT/SW,Basic,1,29000,0
C01912,2022-10-18,공공,Pro,5,495000,0
C01913,2023-03-11,공공,Basic,1,29000,0
C01914,2023-05-10,유통/이커머스,Enterprise,27,10530000,0
C01915,2022-09-28,공공,Pro,3,297000,0
C01916,2022-05-14,제조,Pro,7,693000,0
C01917,2024-02-21,금융,Enterprise,20,7800000,0
C01918,2023-12-23,IT/SW,Basic,3,87000,0
C01919,2024-04-14,금융,Pro,4,396000,1
C01920,2022-08-14,유통/이커머스,Basic,4,116000,0
C01921,2023-10-09,제조,Pro,9,891000,0
C01922,2024-04-04,IT/SW,Enterprise,30,11700000,0
C01923,2023-05-19,공공,Pro,2,198000,0
C01924,2023-04-28,IT/SW,Basic,1,29000,0
C01925,2024-01-08,스타트업,Pro,5,495000,0
C01926,2024-06-17,공공,Pro,5,495000,0
C01927,2024-04-05,공공,Pro,5,495000,0
C01928,2023-04-27,IT/SW,Pro,8,792000,1
C01929,2022-08-19,제조,Pro,6,594000,1
C01930,2023-05-25,IT/SW,Enterprise,40,15600000,0
C01931,2022-08-04,제조,Enterprise,34,13260000,1
C01932,2023-07-16,유통/이커머스,Basic,1,29000,0
C01933,2023-12-10,교육,Enterprise,31,12090000,0
C01934,2024-02-17,IT/SW,Basic,5,145000,1
C01935,2023-01-04,IT/SW,Basic,1,29000,0
C01936,2022-03-06,유통/이커머스,Basic,1,29000,0
C01937,2022-10-15,유통/이커머스,Pro,4,396000,0
C01938,2023-12-07,IT/SW,Basic,1,29000,1
C01939,2022-06-04,IT/SW,Basic,1,29000,0
C01940,2023-12-06,공공,Pro,3,297000,0
C01941,2022-05-12,공공,Basic,2,58000,0
C01942,2022-12-19,IT/SW,Pro,5,495000,0
C01943,2022-05-24,금융,Pro,5,495000,0
C01944,2024-03-31,제조,Pro,4,396000,0
C01945,2022-12-14,공공,Pro,2,198000,0
C01946,2023-07-21,IT/SW,Enterprise,25,9750000,0
C01947,2022-04-10,금융,Basic,1,29000,0
C01948,2023-11-20,의료,Pro,2,198000,0
C01949,2023-03-15,스타트업,Pro,7,693000,1
C01950,2022-01-17,IT/SW,Pro,2,198000,0
C01951,2023-04-14,금융,Enterprise,34,13260000,0
C01952,2023-09-07,유통/이커머스,Basic,1,29000,0
C01953,2022-06-24,교육,Pro,6,594000,0
C01954,2023-09-13,제조,Basic,1,29000,0
C01955,2022-06-04,금융,Pro,9,891000,0
C01956,2022-02-27,제조,Basic,1,29000,1
C01957,2024-04-21,공공,Pro,3,297000,0
C01958,2023-01-21,공공,Pro,5,495000,0
C01959,2023-02-26,유통/이커머스,Pro,6,594000,0
C01960,2022-01-22,공공,Pro,10,990000,0
C01961,2022-12-12,IT/SW,Basic,1,29000,1
C01962,2023-01-13,IT/SW,Pro,8,792000,1
C01963,2023-08-14,금융,Basic,1,29000,0
C01964,2024-01-02,스타트업,Pro,3,297000,0
C01965,2024-05-09,IT/SW,Basic,1,29000,0
C01966,2023-11-11,금융,Pro,3,297000,1
C01967,2023-08-16,금융,Enterprise,33,12870000,0
C01968,2022-08-23,스타트업,Pro,8,792000,0
C01969,2023-10-13,공공,Enterprise,24,9360000,0
C01970,2023-12-26,금융,Pro,6,594000,0
C01971,2023-11-29,금융,Basic,1,29000,0
C01972,2022-12-08,공공,Basic,1,29000,0
C01973,2022-07-10,제조,Basic,1,29000,0
C01974,2024-03-21,제조,Pro,11,1089000,0
C01975,2023-04-29,제조,Basic,1,29000,0
C01976,2022-12-24,의료,Basic,1,29000,0
C01977,2022-11-20,제조,Pro,5,495000,1
C01978,2023-10-10,IT/SW,Basic,1,29000,0
C01979,2024-05-14,유통/이커머스,Basic,2,58000,0
C01980,2022-07-06,스타트업,Pro,3,297000,0
C01981,2022-10-22,금융,Enterprise,26,10140000,0
C01982,2023-01-26,제조,Basic,1,29000,0
C01983,2022-02-07,스타트업,Enterprise,31,12090000,0
C01984,2024-04-06,교육,Basic,1,29000,0
C01985,2022-08-08,의료,Enterprise,35,13650000,0
C01986,2024-01-27,교육,Basic,2,58000,0
C01987,2022-05-16,제조,Pro,3,297000,0
C01988,2022-08-04,공공,Basic,1,29000,0
C01989,2022-09-28,유통/이커머스,Basic,1,29000,0
C01990,2023-11-11,제조,Enterprise,35,13650000,0
C01991,2023-11-24,유통/이커머스,Basic,1,29000,0
C01992,2022-12-21,IT/SW,Enterprise,27,10530000,1
C01993,2023-08-02,유통/이커머스,Basic,1,29000,0
C01994,2023-08-06,공공,Enterprise,26,10140000,0
C01995,2022-05-31,유통/이커머스,Pro,3,297000,0
C01996,2022-07-28,유통/이커머스,Pro,5,495000,0
C01997,2022-01-08,유통/이커머스,Basic,2,58000,0
C01998,2022-06-16,교육,Pro,5,495000,0
C01999,2023-10-16,금융,Basic,1,29000,0
C02000,2023-10-31,금융,Basic,3,87000,0
C02001,2023-09-27,유통/이커머스,Basic,1,29000,0
C02002,2023-08-27,의료,Basic,2,58000,0
C02003,2024-02-02,IT/SW,Basic,1,29000,0
C02004,2023-07-05,스타트업,Enterprise,25,9750000,0
C02005,2022-08-08,금융,Basic,1,29000,0
C02006,2023-05-10,스타트업,Basic,1,29000,0
C02007,2023-03-03,스타트업,Enterprise,24,9360000,0
C02008,2022-09-23,IT/SW,Basic,1,29000,0
C02009,2024-03-17,스타트업,Basic,1,29000,0
C02010,2022-03-18,공공,Pro,7,693000,0
C02011,2022-05-16,교육,Basic,1,29000,0
C02012,2022-07-26,공공,Pro,4,396000,0
C02013,2022-10-07,제조,Pro,1,99000,0
C02014,2022-01-20,스타트업,Basic,1,29000,0
C02015,2023-01-31,유통/이커머스,Enterprise,28,10920000,0
C02016,2022-02-01,IT/SW,Basic,1,29000,0
C02017,2022-02-10,공공,Enterprise,26,10140000,0
C02018,2023-01-16,IT/SW,Pro,10,990000,1
C02019,2022-10-26,의료,Basic,1,29000,0
C02020,2022-09-12,유통/이커머스,Pro,6,594000,1
C02021,2023-12-26,유통/이커머스,Pro,4,396000,0
C02022,2024-02-02,IT/SW,Basic,1,29000,0
C02023,2024-06-16,제조,Basic,1,29000,0
C02024,2024-04-06,금융,Pro,4,396000,0
C02025,2024-02-22,유통/이커머스,Basic,2,58000,0
C02026,2022-01-26,IT/SW,Basic,1,29000,0
C02027,2022-10-24,스타트업,Basic,2,58000,0
C02028,2023-11-17,제조,Pro,3,297000,0
C02029,2022-10-19,제조,Basic,1,29000,0
C02030,2022-05-17,공공,Pro,4,396000,1
C02031,2022-03-26,제조,Pro,6,594000,0
C02032,2022-04-08,금융,Basic,2,58000,0
C02033,2023-08-30,유통/이커머스,Pro,6,594000,0
C02034,2024-04-24,교육,Basic,1,29000,0
C02035,2024-02-11,유통/이커머스,Enterprise,33,12870000,0
C02036,2023-02-27,스타트업,Basic,1,29000,0
C02037,2023-05-10,금융,Basic,2,58000,0
C02038,2024-05-02,의료,Basic,1,29000,1
C02039,2022-09-11,제조,Enterprise,32,12480000,0
C02040,2023-05-02,스타트업,Pro,4,396000,0
C02041,2022-03-28,유통/이커머스,Enterprise,28,10920000,1
C02042,2022-02-21,제조,Basic,1,29000,0
C02043,2024-05-07,IT/SW,Basic,1,29000,0
C02044,2023-02-25,금융,Pro,3,297000,0
C02045,2023-01-12,제조,Basic,1,29000,0
C02046,2022-03-31,제조,Pro,6,594000,0
C02047,2023-07-31,제조,Basic,3,87000,1
C02048,2023-09-21,제조,Enterprise,22,8580000,0
C02049,2022-08-17,IT/SW,Enterprise,22,8580000,0
C02050,2022-10-07,제조,Enterprise,29,11310000,0
C02051,2022-11-24,IT/SW,Pro,9,891000,0
C02052,2023-08-11,교육,Basic,1,29000,0
C02053,2024-01-21,금융,Basic,1,29000,0
C02054,2024-01-01,IT/SW,Basic,1,29000,0
C02055,2023-09-30,금융,Pro,4,396000,0
C02056,2022-02-06,제조,Basic,1,29000,1
C02057,2023-08-25,금융,Pro,7,693000,0
C02058,2023-11-28,IT/SW,Pro,5,495000,0
C02059,2024-02-16,유통/이커머스,Basic,2,58000,1
C02060,2022-10-09,공공,Pro,7,693000,0
C02061,2022-11-08,금융,Pro,7,693000,0
C02062,2024-01-19,교육,Basic,1,29000,0
C02063,2023-10-16,금융,Pro,6,594000,0
C02064,2024-05-07,제조,Enterprise,32,12480000,0
C02065,2023-04-05,제조,Pro,6,594000,0
C02066,2022-11-18,IT/SW,Basic,2,58000,0
C02067,2024-03-27,금융,Basic,1,29000,0
C02068,2024-06-16,유통/이커머스,Basic,1,29000,0
C02069,2023-12-30,스타트업,Pro,5,495000,1
C02070,2022-10-13,제조,Pro,8,792000,0
C02071,2024-06-10,제조,Enterprise,22,8580000,0
C02072,2022-08-01,의료,Basic,1,29000,0
C02073,2022-03-29,제조,Basic,1,29000,0
C02074,2024-03-21,유통/이커머스,Pro,2,198000,0
C02075,2023-01-20,유통/이커머스,Enterprise,27,10530000,0
C02076,2022-07-08,스타트업,Enterprise,31,12090000,0
C02077,2024-04-13,유통/이커머스,Basic,1,29000,0
C02078,2022-04-07,유통/이커머스,Basic,2,58000,0
C02079,2023-01-24,공공,Pro,10,990000,0
C02080,2022-12-07,IT/SW,Basic,1,29000,0
C02081,2023-10-30,IT/SW,Pro,3,297000,0
C02082,2023-02-26,스타트업,Pro,11,1089000,0
C02083,2023-10-08,IT/SW,Basic,1,29000,0
C02084,2022-02-19,IT/SW,Basic,1,29000,0
C02085,2023-03-06,교육,Basic,1,29000,0
C02086,2024-05-09,의료,Pro,2,198000,0
C02087,2023-10-25,의료,Basic,2,58000,1
C02088,2023-09-19,IT/SW,Basic,3,87000,0
C02089,2022-10-21,제조,Basic,1,29000,0
C02090,2023-07-15,유통/이커머스,Pro,5,495000,1
C02091,2023-09-27,교육,Basic,1,29000,0
C02092,2023-10-19,의료,Basic,2,58000,0
C02093,2024-02-08,의료,Enterprise,34,13260000,0
C02094,2022-12-20,금융,Basic,1,29000,0
C02095,2022-01-11,스타트업,Enterprise,29,11310000,0
C02096,2023-12-02,유통/이커머스,Pro,5,495000,0
C02097,2024-01-12,스타트업,Basic,1,29000,0
C02098,2022-12-18,스타트업,Enterprise,31,12090000,1
C02099,2022-04-19,공공,Basic,1,29000,0
C02100,2024-04-11,유통/이커머스,Basic,1,29000,0
C02101,2022-06-14,공공,Enterprise,23,8970000,0
C02102,2022-02-04,제조,Basic,2,58000,0
C02103,2023-03-12,의료,Pro,2,198000,0
C02104,2022-02-22,유통/이커머스,Basic,1,29000,0
C02105,2022-06-05,유통/이커머스,Pro,3,297000,1
C02106,2024-02-11,공공,Basic,1,29000,0
C02107,2022-07-21,스타트업,Basic,1,29000,0
C02108,2022-06-06,IT/SW,Basic,2,58000,0
C02109,2022-08-05,교육,Basic,1,29000,0
C02110,2022-06-29,IT/SW,Pro,2,198000,0
C02111,2023-06-10,공공,Basic,1,29000,0
C02112,2022-07-04,유통/이커머스,Basic,1,29000,1
C02113,2023-05-02,교육,Basic,1,29000,0
C02114,2023-04-03,금융,Enterprise,30,11700000,0
C02115,2022-07-07,교육,Basic,1,29000,0
C02116,2022-11-28,의료,Basic,1,29000,0
C02117,2022-11-02,IT/SW,Basic,1,29000,0
C02118,2023-04-03,유통/이커머스,Enterprise,30,11700000,0
C02119,2022-02-27,IT/SW,Basic,1,29000,0
C02120,2022-03-18,IT/SW,Basic,2,58000,0
C02121,2023-01-07,교육,Pro,3,297000,0
C02122,2023-08-29,제조,Basic,2,58000,0
C02123,2022-12-17,금융,Pro,3,297000,1
C02124,2024-01-18,IT/SW,Basic,3,87000,0
C02125,2023-05-16,스타트업,Enterprise,32,12480000,0
C02126,2023-08-15,제조,Basic,1,29000,0
C02127,2022-05-28,공공,Enterprise,30,11700000,0
C02128,2022-11-17,교육,Basic,1,29000,0
C02129,2023-11-23,의료,Basic,1,29000,0
C02130,2024-04-04,스타트업,Basic,1,29000,0
C02131,2024-04-22,공공,Basic,2,58000,0
C02132,2022-02-12,유통/이커머스,Pro,4,396000,0
C02133,2022-06-16,유통/이커머스,Enterprise,27,10530000,0
C02134,2022-07-04,제조,Basic,1,29000,0
C02135,2024-03-20,유통/이커머스,Basic,1,29000,0
C02136,2022-08-14,공공,Basic,2,58000,0
C02137,2024-05-31,공공,Basic,2,58000,0
C02138,2023-03-29,유통/이커머스,Pro,8,792000,0
C02139,2022-06-01,제조,Basic,1,29000,0
C02140,2022-02-11,금융,Enterprise,35,13650000,0
C02141,2023-04-23,스타트업,Basic,1,29000,1
C02142,2024-06-16,IT/SW,Basic,2,58000,1
C02143,2022-03-15,의료,Pro,4,396000,0
C02144,2023-10-26,교육,Basic,1,29000,0
C02145,2022-12-14,공공,Pro,2,198000,1
C02146,2022-11-09,의료,Basic,2,58000,0
C02147,2022-11-03,IT/SW,Basic,2,58000,1
C02148,2024-03-08,금융,Pro,4,396000,0
C02149,2024-04-09,금융,Pro,2,198000,0
C02150,2023-09-23,교육,Enterprise,23,8970000,0
C02151,2023-10-07,IT/SW,Pro,7,693000,0
C02152,2023-03-02,제조,Pro,6,594000,0
C02153,2022-03-22,공공,Enterprise,24,9360000,1
C02154,2023-12-24,유통/이커머스,Basic,1,29000,0
C02155,2022-10-22,스타트업,Basic,2,58000,0
C02156,2023-07-22,유통/이커머스,Pro,4,396000,0
C02157,2023-05-16,제조,Basic,1,29000,0
C02158,2023-02-14,의료,Basic,1,29000,1
C02159,2022-02-14,교육,Basic,1,29000,0
C02160,2023-11-19,유통/이커머스,Basic,1,29000,1
C02161,2022-03-27,유통/이커머스,Basic,1,29000,1
C02162,2023-11-21,공공,Enterprise,32,12480000,1
C02163,2024-06-11,제조,Basic,1,29000,0
C02164,2023-08-09,유통/이커머스,Basic,4,116000,0
C02165,2022-04-28,의료,Enterprise,27,10530000,0
C02166,2024-03-19,유통/이커머스,Pro,6,594000,1
C02167,2023-08-24,공공,Basic,1,29000,0
C02168,2023-12-17,공공,Basic,1,29000,0
C02169,2023-11-04,금융,Basic,1,29000,0
C02170,2023-10-03,IT/SW,Pro,4,396000,0
C02171,2023-08-12,교육,Enterprise,27,10530000,0
C02172,2023-03-22,금융,Basic,3,87000,0
C02173,2023-01-21,IT/SW,Pro,5,495000,0
C02174,2024-01-27,유통/이커머스,Enterprise,33,12870000,0
C02175,2023-03-13,금융,Pro,10,990000,0
C02176,2022-04-05,IT/SW,Pro,3,297000,0
C02177,2023-09-06,금융,Enterprise,18,7020000,0
C02178,2024-06-05,금융,Basic,2,58000,0
C02179,2022-07-04,유통/이커머스,Basic,1,29000,0
C02180,2022-06-21,공공,Basic,1,29000,0
C02181,2024-06-07,의료,Pro,7,693000,1
C02182,2022-05-17,제조,Enterprise,35,13650000,0
C02183,2022-08-28,제조,Enterprise,31,12090000,0
C02184,2023-11-20,의료,Pro,8,792000,0
C02185,2024-03-13,제조,Enterprise,19,7410000,0
C02186,2024-02-17,유통/이커머스,Basic,1,29000,0
C02187,2023-07-24,유통/이커머스,Basic,1,29000,0
C02188,2024-02-01,IT/SW,Basic,1,29000,0
C02189,2023-09-04,교육,Enterprise,26,10140000,0
C02190,2022-07-07,제조,Basic,2,58000,1
C02191,2023-09-22,제조,Pro,7,693000,0
C02192,2022-11-24,의료,Basic,3,87000,0
C02193,2022-03-01,유통/이커머스,Enterprise,23,8970000,0
C02194,2024-05-15,제조,Basic,3,87000,0
C02195,2023-05-14,의료,Pro,4,396000,1
C02196,2024-02-09,IT/SW,Basic,3,87000,0
C02197,2023-07-18,금융,Basic,1,29000,0
C02198,2023-03-09,IT/SW,Pro,3,297000,0
C02199,2024-04-01,유통/이커머스,Pro,3,297000,1
C02200,2022-12-07,제조,Basic,1,29000,0
C02201,2024-05-20,공공,Enterprise,38,14820000,0
C02202,2023-02-07,공공,Basic,2,58000,0
C02203,2023-03-04,스타트업,Basic,1,29000,1
C02204,2023-10-01,IT/SW,Pro,4,396000,0
C02205,2024-04-30,유통/이커머스,Basic,2,58000,0
C02206,2023-06-29,스타트업,Basic,2,58000,1
C02207,2022-04-10,의료,Basic,1,29000,0
C02208,2023-03-27,IT/SW,Basic,1,29000,0
C02209,2022-02-16,의료,Basic,1,29000,0
C02210,2023-06-17,공공,Pro,6,594000,0
C02211,2024-06-18,유통/이커머스,Basic,1,29000,0
C02212,2022-05-24,교육,Pro,4,396000,0
C02213,2022-08-29,금융,Pro,6,594000,0
C02214,2023-04-22,IT/SW,Basic,1,29000,0
C02215,2023-07-08,금융,Basic,2,58000,0
C02216,2024-03-13,제조,Basic,3,87000,0
C02217,2022-09-23,교육,Enterprise,28,10920000,0
C02218,2022-01-24,금융,Basic,1,29000,0
C02219,2023-08-12,제조,Basic,1,29000,0
C02220,2022-11-10,금융,Basic,1,29000,0
C02221,2022-02-10,유통/이커머스,Basic,1,29000,1
C02222,2023-03-25,금융,Pro,6,594000,0
C02223,2023-06-13,IT/SW,Pro,7,693000,0
C02224,2023-10-19,공공,Basic,1,29000,0
C02225,2022-01-11,공공,Pro,6,594000,1
C02226,2024-01-01,유통/이커머스,Pro,9,891000,0
C02227,2022-11-30,교육,Enterprise,23,8970000,0
C02228,2022-12-30,제조,Basic,1,29000,0
C02229,2022-08-22,공공,Basic,1,29000,1
C02230,2023-09-28,유통/이커머스,Basic,1,29000,0
C02231,2022-05-28,교육,Basic,1,29000,0
C02232,2023-08-31,교육,Basic,2,58000,0
C02233,2024-02-24,IT/SW,Pro,5,495000,0
C02234,2023-10-12,금융,Enterprise,25,9750000,0
C02235,2024-05-27,IT/SW,Basic,1,29000,0
C02236,2023-06-04,유통/이커머스,Pro,3,297000,0
C02237,2023-03-16,금융,Basic,3,87000,0
C02238,2022-04-17,교육,Basic,1,29000,0
C02239,2023-08-09,공공,Basic,4,116000,0
C02240,2022-05-27,금융,Basic,1,29000,0
C02241,2024-01-08,금융,Basic,1,29000,1
C02242,2024-01-20,IT/SW,Basic,1,29000,0
C02243,2023-12-31,제조,Basic,1,29000,0
C02244,2023-07-14,IT/SW,Enterprise,29,11310000,0
C02245,2022-02-23,제조,Pro,2,198000,0
C02246,2022-11-25,의료,Basic,1,29000,0
C02247,2022-08-07,유통/이커머스,Pro,4,396000,1
C02248,2024-01-15,의료,Pro,4,396000,0
C02249,2022-02-21,금융,Pro,6,594000,1
C02250,2022-03-25,IT/SW,Basic,2,58000,0
C02251,2022-03-07,의료,Pro,3,297000,1
C02252,2024-06-08,유통/이커머스,Basic,1,29000,0
C02253,2022-01-02,유통/이커머스,Pro,2,198000,1
C02254,2022-02-04,제조,Basic,2,58000,1
C02255,2023-03-25,유통/이커머스,Enterprise,38,14820000,0
C02256,2024-04-07,스타트업,Basic,1,29000,1
C02257,2022-07-21,교육,Pro,4,396000,1
C02258,2022-02-07,교육,Basic,1,29000,1
C02259,2023-06-03,의료,Basic,1,29000,1
C02260,2023-10-31,제조,Pro,8,792000,0
C02261,2023-10-12,금융,Pro,4,396000,0
C02262,2022-05-16,유통/이커머스,Pro,8,792000,0
C02263,2024-02-15,제조,Pro,6,594000,0
C02264,2022-01-23,유통/이커머스,Pro,6,594000,0
C02265,2022-02-10,유통/이커머스,Enterprise,23,8970000,1
C02266,2022-03-29,제조,Basic,2,58000,0
C02267,2024-05-13,스타트업,Enterprise,42,16380000,0
C02268,2023-09-11,유통/이커머스,Basic,1,29000,0
C02269,2022-12-10,제조,Pro,1,99000,0
C02270,2022-10-07,금융,Basic,1,29000,0
C02271,2022-10-08,금융,Pro,3,297000,0
C02272,2024-05-23,의료,Basic,1,29000,0
C02273,2022-11-05,유통/이커머스,Enterprise,23,8970000,0
C02274,2024-05-09,공공,Enterprise,21,8190000,0
C02275,2023-09-04,공공,Pro,2,198000,0
C02276,2022-01-02,금융,Pro,5,495000,0
C02277,2023-05-02,공공,Pro,8,792000,0
C02278,2022-01-31,유통/이커머스,Basic,4,116000,0
C02279,2022-11-26,교육,Pro,5,495000,0
C02280,2023-07-07,공공,Enterprise,30,11700000,0
C02281,2022-09-16,유통/이커머스,Basic,1,29000,0
C02282,2023-11-08,제조,Basic,1,29000,0
C02283,2022-10-08,금융,Pro,5,495000,0
C02284,2022-03-20,금융,Basic,1,29000,0
C02285,2024-02-20,유통/이커머스,Basic,1,29000,0
C02286,2023-02-12,의료,Basic,1,29000,0
C02287,2022-12-11,의료,Pro,4,396000,0
C02288,2024-04-08,유통/이커머스,Basic,1,29000,0
C02289,2022-03-17,교육,Basic,1,29000,0
C02290,2024-05-06,금융,Basic,1,29000,0
C02291,2022-04-20,의료,Basic,1,29000,0
C02292,2022-12-30,금융,Basic,3,87000,0
C02293,2023-09-14,교육,Basic,2,58000,1
C02294,2024-02-04,제조,Pro,6,594000,0
C02295,2023-04-07,유통/이커머스,Pro,4,396000,0
C02296,2023-04-12,IT/SW,Enterprise,29,11310000,0
C02297,2023-06-22,유통/이커머스,Enterprise,22,8580000,1
C02298,2023-12-29,유통/이커머스,Basic,1,29000,0
C02299,2022-10-17,IT/SW,Basic,2,58000,0
C02300,2024-05-06,제조,Basic,1,29000,0
C02301,2024-04-17,교육,Basic,2,58000,0
C02302,2024-02-06,유통/이커머스,Pro,5,495000,0
C02303,2023-07-21,공공,Pro,1,99000,0
C02304,2023-06-22,스타트업,Basic,1,29000,1
C02305,2024-01-21,IT/SW,Enterprise,27,10530000,0
C02306,2024-04-08,금융,Basic,1,29000,0
C02307,2024-03-01,교육,Enterprise,31,12090000,0
C02308,2023-09-04,의료,Basic,1,29000,0
C02309,2022-12-07,공공,Pro,3,297000,1
C02310,2024-06-06,IT/SW,Basic,1,29000,0
C02311,2023-11-15,공공,Pro,4,396000,1
C02312,2023-04-13,유통/이커머스,Enterprise,22,8580000,1
C02313,2022-11-20,제조,Enterprise,37,14430000,0
C02314,2024-02-12,공공,Pro,2,198000,0
C02315,2022-10-15,IT/SW,Enterprise,21,8190000,1
C02316,2023-02-05,교육,Basic,1,29000,0
C02317,2023-09-22,제조,Pro,8,792000,0
C02318,2022-11-02,공공,Basic,1,29000,1
C02319,2023-11-23,공공,Pro,6,594000,0
C02320,2023-10-26,제조,Basic,1,29000,0
C02321,2024-04-01,유통/이커머스,Pro,6,594000,1
C02322,2023-01-20,제조,Pro,7,693000,1
C02323,2024-03-10,금융,Pro,7,693000,1
C02324,2022-06-16,금융,Basic,1,29000,0
C02325,2022-06-03,금융,Basic,1,29000,0
C02326,2023-08-19,제조,Basic,1,29000,0
C02327,2023-01-03,제조,Pro,1,99000,0
C02328,2022-10-05,IT/SW,Pro,6,594000,1
C02329,2023-05-18,금융,Enterprise,31,12090000,1
C02330,2022-01-08,공공,Basic,1,29000,0
C02331,2024-06-17,IT/SW,Basic,1,29000,0
C02332,2024-06-16,제조,Pro,7,693000,0
C02333,2023-03-06,제조,Basic,1,29000,0
C02334,2022-08-23,유통/이커머스,Basic,2,58000,1
C02335,2024-05-07,유통/이커머스,Basic,1,29000,0
C02336,2023-08-18,금융,Pro,7,693000,0
C02337,2022-09-14,유통/이커머스,Basic,1,29000,0
C02338,2022-06-02,금융,Pro,5,495000,0
C02339,2022-02-27,교육,Basic,1,29000,0
C02340,2023-09-29,제조,Basic,1,29000,0
C02341,2023-08-24,교육,Basic,1,29000,0
C02342,2022-09-17,스타트업,Basic,1,29000,0
C02343,2024-05-31,IT/SW,Basic,1,29000,0
C02344,2022-03-06,금융,Basic,2,58000,1
C02345,2022-09-24,금융,Basic,2,58000,0
C02346,2023-09-24,유통/이커머스,Basic,1,29000,0
C02347,2022-01-16,공공,Basic,1,29000,1
C02348,2022-07-26,공공,Pro,7,693000,0
C02349,2022-07-26,교육,Basic,1,29000,0
C02350,2022-02-04,제조,Pro,3,297000,0
C02351,2023-09-30,공공,Basic,1,29000,1
C02352,2023-07-17,제조,Pro,4,396000,0
C02353,2022-04-10,공공,Basic,1,29000,0
C02354,2022-01-22,유통/이커머스,Enterprise,32,12480000,0
C02355,2023-09-25,제조,Basic,1,29000,1
C02356,2022-11-23,의료,Basic,2,58000,0
C02357,2023-10-19,스타트업,Pro,5,495000,0
C02358,2023-06-13,교육,Basic,2,58000,0
C02359,2023-05-27,IT/SW,Pro,6,594000,0
C02360,2022-11-22,제조,Enterprise,29,11310000,0
C02361,2023-10-10,공공,Basic,2,58000,0
C02362,2023-04-17,스타트업,Pro,6,594000,1
C02363,2023-11-12,공공,Basic,1,29000,0
C02364,2022-04-21,제조,Basic,3,87000,0
C02365,2024-02-28,IT/SW,Pro,5,495000,1
C02366,2022-05-17,의료,Enterprise,41,15990000,0
C02367,2024-06-11,유통/이커머스,Pro,3,297000,0
C02368,2022-04-19,공공,Pro,8,792000,0
C02369,2023-11-26,교육,Pro,1,99000,0
C02370,2022-02-12,IT/SW,Basic,1,29000,0
C02371,2022-01-13,IT/SW,Enterprise,19,7410000,0
C02372,2023-06-22,교육,Basic,2,58000,0
C02373,2023-04-13,금융,Enterprise,31,12090000,0
C02374,2022-04-22,금융,Basic,1,29000,1
C02375,2023-05-04,의료,Basic,2,58000,0
C02376,2022-06-29,금융,Basic,1,29000,1
C02377,2024-03-24,IT/SW,Basic,1,29000,0
C02378,2023-12-11,유통/이커머스,Basic,1,29000,0
C02379,2023-09-29,공공,Basic,1,29000,0
C02380,2022-09-01,금융,Pro,5,495000,0
C02381,2022-10-22,의료,Basic,1,29000,0
C02382,2022-08-15,금융,Basic,1,29000,0
C02383,2022-12-28,제조,Pro,3,297000,0
C02384,2022-12-25,금융,Pro,5,495000,0
C02385,2022-07-24,유통/이커머스,Enterprise,27,10530000,0
C02386,2022-07-15,교육,Basic,1,29000,0
C02387,2022-06-18,스타트업,Pro,2,198000,0
C02388,2023-09-23,제조,Pro,6,594000,1
C02389,2022-05-25,제조,Enterprise,26,10140000,0
C02390,2022-11-11,스타트업,Basic,1,29000,1
C02391,2023-10-15,IT/SW,Pro,4,396000,1
C02392,2022-02-08,교육,Pro,7,693000,0
C02393,2023-02-23,공공,Basic,1,29000,1
C02394,2022-06-28,공공,Enterprise,29,11310000,0
C02395,2024-04-01,IT/SW,Basic,1,29000,1
C02396,2023-01-14,공공,Basic,1,29000,0
C02397,2023-08-01,유통/이커머스,Pro,4,396000,1
C02398,2024-03-25,공공,Enterprise,25,9750000,0
C02399,2022-11-03,금융,Basic,2,58000,0
C02400,2023-03-26,금융,Pro,5,495000,0
C02401,2024-05-19,의료,Basic,2,58000,0
C02402,2022-12-16,제조,Pro,7,693000,1
C02403,2022-12-02,IT/SW,Pro,10,990000,0
C02404,2023-05-17,IT/SW,Pro,8,792000,0
C02405,2023-11-07,제조,Pro,4,396000,1
C02406,2022-03-01,교육,Enterprise,32,12480000,0
C02407,2022-02-01,공공,Pro,3,297000,0
C02408,2024-04-27,공공,Basic,3,87000,0
C02409,2023-09-12,교육,Pro,5,495000,1
C02410,2022-02-16,IT/SW,Enterprise,24,9360000,1
C02411,2024-01-13,유통/이커머스,Pro,5,495000,0
C02412,2023-12-23,의료,Basic,1,29000,1
C02413,2022-04-28,유통/이커머스,Pro,6,594000,0
C02414,2022-07-02,제조,Pro,4,396000,0
C02415,2022-12-06,IT/SW,Basic,1,29000,0
C02416,2023-06-14,공공,Pro,7,693000,0
C02417,2023-07-31,금융,Enterprise,26,10140000,0
C02418,2024-06-08,IT/SW,Basic,2,58000,0
C02419,2022-01-24,제조,Basic,1,29000,0
C02420,2023-01-16,제조,Basic,2,58000,0
C02421,2022-01-16,교육,Basic,3,87000,0
C02422,2022-01-12,교육,Basic,1,29000,0
C02423,2023-02-20,금융,Pro,3,297000,0
C02424,2022-10-27,IT/SW,Basic,2,58000,0
C02425,2022-09-23,유통/이커머스,Basic,1,29000,0
C02426,2022-10-04,IT/SW,Pro,2,198000,0
C02427,2023-10-31,공공,Enterprise,30,11700000,0
C02428,2022-06-20,금융,Pro,8,792000,1
C02429,2022-10-30,유통/이커머스,Basic,1,29000,0
C02430,2023-10-12,스타트업,Basic,1,29000,0
C02431,2022-03-08,스타트업,Pro,5,495000,0
C02432,2024-04-07,공공,Basic,2,58000,0
C02433,2024-02-22,교육,Basic,2,58000,1
C02434,2022-04-25,스타트업,Pro,7,693000,0
C02435,2023-02-01,유통/이커머스,Basic,1,29000,1
C02436,2023-05-09,의료,Basic,1,29000,0
C02437,2023-05-28,IT/SW,Pro,4,396000,0
C02438,2022-12-29,유통/이커머스,Enterprise,25,9750000,1
C02439,2023-01-07,IT/SW,Pro,6,594000,0
C02440,2024-05-14,IT/SW,Basic,1,29000,1
C02441,2022-05-27,의료,Pro,6,594000,0
C02442,2023-09-05,제조,Basic,2,58000,1
C02443,2022-10-24,교육,Enterprise,36,14040000,0
C02444,2023-06-20,IT/SW,Basic,2,58000,0
C02445,2022-12-22,IT/SW,Pro,1,99000,0
C02446,2023-03-07,교육,Basic,1,29000,0
C02447,2022-06-19,IT/SW,Basic,1,29000,0
C02448,2022-07-01,의료,Basic,1,29000,1
C02449,2023-05-30,공공,Basic,1,29000,0
C02450,2023-12-02,스타트업,Enterprise,31,12090000,1
C02451,2023-04-09,유통/이커머스,Pro,5,495000,0
C02452,2024-01-29,금융,Pro,8,792000,0
C02453,2023-11-06,제조,Pro,3,297000,0
C02454,2022-03-11,IT/SW,Basic,1,29000,0
C02455,2023-09-17,제조,Basic,3,87000,0
C02456,2023-07-12,교육,Basic,1,29000,0
C02457,2022-07-15,제조,Basic,3,87000,1
C02458,2023-09-12,IT/SW,Enterprise,23,8970000,0
C02459,2022-01-03,교육,Basic,1,29000,0
C02460,2022-11-30,의료,Basic,1,29000,0
C02461,2023-07-09,금융,Basic,2,58000,0
C02462,2022-09-13,유통/이커머스,Enterprise,34,13260000,0
C02463,2022-04-03,금융,Basic,2,58000,1
C02464,2022-07-22,스타트업,Basic,1,29000,0
C02465,2023-03-01,금융,Basic,1,29000,0
C02466,2022-03-14,IT/SW,Enterprise,34,13260000,0
C02467,2022-12-25,IT/SW,Basic,2,58000,0
C02468,2023-11-10,유통/이커머스,Pro,5,495000,0
C02469,2022-04-10,금융,Basic,1,29000,0
C02470,2023-10-23,교육,Pro,3,297000,0
C02471,2023-11-18,공공,Pro,5,495000,0
C02472,2022-09-11,IT/SW,Basic,1,29000,0
C02473,2024-02-12,제조,Basic,1,29000,0
C02474,2024-03-28,유통/이커머스,Basic,1,29000,0
C02475,2022-04-12,스타트업,Basic,1,29000,0
C02476,2022-06-17,스타트업,Basic,1,29000,1
C02477,2023-10-17,IT/SW,Basic,1,29000,0
C02478,2023-04-19,의료,Basic,1,29000,0
C02479,2023-12-30,IT/SW,Basic,1,29000,0
C02480,2022-01-01,금융,Pro,2,198000,0
C02481,2023-01-18,교육,Basic,1,29000,0
C02482,2024-04-21,IT/SW,Pro,10,990000,1
C02483,2023-08-01,IT/SW,Basic,1,29000,1
C02484,2024-03-09,금융,Basic,3,87000,0
C02485,2022-09-21,IT/SW,Pro,8,792000,0
C02486,2022-03-16,금융,Basic,1,29000,0
C02487,2022-10-30,유통/이커머스,Pro,8,792000,0
C02488,2022-03-07,의료,Pro,6,594000,0
C02489,2024-04-09,유통/이커머스,Enterprise,21,8190000,0
C02490,2023-06-17,공공,Enterprise,35,13650000,0
C02491,2023-07-06,스타트업,Basic,1,29000,1
C02492,2022-08-09,공공,Basic,2,58000,0
C02493,2022-08-03,금융,Enterprise,28,10920000,0
C02494,2024-06-12,제조,Basic,1,29000,0
C02495,2022-03-17,금융,Basic,1,29000,0
C02496,2022-01-20,의료,Pro,5,495000,0
C02497,2022-11-30,의료,Basic,2,58000,0
C02498,2022-04-23,금융,Pro,4,396000,0
C02499,2024-01-24,제조,Enterprise,24,9360000,1
C02500,2024-04-09,금융,Pro,3,297000,0
