일자,종목명,시가,고가,저가,종가,거래량
2024-01-02,삼성전자,74820.0,74980.0,74560.0,74890.0,3057374
2024-01-03,삼성전자,76510.0,76910.0,76190.0,76760.0,2979383
2024-01-04,삼성전자,75740.0,75800.0,75390.0,75700.0,3094494
2024-01-05,삼성전자,77340.0,77710.0,76910.0,77480.0,2823447
2024-01-08,삼성전자,78190.0,78710.0,77620.0,78220.0,2809064
2024-01-09,삼성전자,79560.0,80360.0,78640.0,79860.0,2830658
2024-01-10,삼성전자,79980.0,80120.0,79300.0,80020.0,1177941
2024-01-11,삼성전자,81280.0,81910.0,81180.0,81460.0,2800334
2024-01-12,삼성전자,83010.0,84220.0,82690.0,83780.0,1635045
2024-01-15,삼성전자,84110.0,84480.0,84100.0,84280.0,1765098
2024-01-16,삼성전자,84710.0,85400.0,84320.0,84640.0,2973164
2024-01-17,삼성전자,84530.0,85690.0,84330.0,84360.0,1991232
2024-01-18,삼성전자,84640.0,85710.0,83720.0,85020.0,3250273
2024-01-19,삼성전자,84640.0,84930.0,83790.0,84520.0,1444928
2024-01-22,삼성전자,82340.0,82840.0,82090.0,82330.0,3661139
2024-01-23,삼성전자,82320.0,82950.0,82220.0,82420.0,2623305
2024-01-24,삼성전자,81760.0,83050.0,81490.0,82070.0,1714153
2024-01-25,삼성전자,81520.0,82840.0,81020.0,81840.0,1992251
2024-01-26,삼성전자,82620.0,82870.0,82010.0,82560.0,2638096
2024-01-29,삼성전자,81580.0,81820.0,81570.0,81620.0,1606130
2024-01-30,삼성전자,82810.0,83200.0,81640.0,82730.0,2940179
2024-01-31,삼성전자,82390.0,82670.0,82360.0,82660.0,2080372
2024-02-01,삼성전자,83170.0,83950.0,82550.0,83920.0,2449263
2024-02-02,삼성전자,86790.0,87140.0,86370.0,86410.0,1902145
2024-02-05,삼성전자,87200.0,88020.0,86680.0,86970.0,2141859
2024-02-06,삼성전자,86760.0,86960.0,86080.0,86740.0,2088847
2024-02-07,삼성전자,86770.0,86990.0,86660.0,86840.0,2406420
2024-02-08,삼성전자,87610.0,88140.0,86660.0,87540.0,2604931
2024-02-09,삼성전자,85560.0,86740.0,84930.0,85580.0,1574837
2024-02-12,삼성전자,83110.0,84060.0,82510.0,83140.0,3592005
2024-02-13,삼성전자,82200.0,82740.0,81820.0,81940.0,2780380
2024-02-14,삼성전자,83500.0,83930.0,83330.0,83440.0,1481591
2024-02-15,삼성전자,80430.0,80950.0,79250.0,80120.0,1969961
2024-02-16,삼성전자,82020.0,82480.0,81610.0,82320.0,2389706
2024-02-19,삼성전자,82410.0,83020.0,82270.0,82570.0,3481233
2024-02-20,삼성전자,79790.0,80380.0,79730.0,80140.0,2782455
2024-02-21,삼성전자,82850.0,82860.0,82390.0,82760.0,2228265
2024-02-22,삼성전자,82000.0,82680.0,81860.0,82130.0,3020664
2024-02-23,삼성전자,80090.0,80740.0,79630.0,80730.0,4194583
2024-02-26,삼성전자,82340.0,82980.0,81720.0,82390.0,733968
2024-02-27,삼성전자,82510.0,83050.0,82390.0,82420.0,2291129
2024-02-28,삼성전자,81790.0,82860.0,80830.0,81320.0,2567600
2024-02-29,삼성전자,81420.0,82000.0,81030.0,81950.0,4259097
2024-03-01,삼성전자,81940.0,82160.0,81380.0,81820.0,2853059
2024-03-04,삼성전자,83570.0,83720.0,82940.0,83400.0,2434348
2024-03-05,삼성전자,84140.0,84590.0,83440.0,84040.0,1186820
2024-03-06,삼성전자,83760.0,84430.0,83330.0,83870.0,2155103
2024-03-07,삼성전자,85370.0,85710.0,85300.0,85420.0,3903275
2024-03-08,삼성전자,83460.0,84200.0,82830.0,83590.0,3535313
2024-03-11,삼성전자,85060.0,85200.0,84150.0,84940.0,2436316
2024-03-12,삼성전자,83640.0,83760.0,82730.0,83700.0,2765123
2024-03-13,삼성전자,85470.0,85870.0,84820.0,84940.0,3221073
2024-03-14,삼성전자,82940.0,84270.0,82080.0,83350.0,992754
2024-03-15,삼성전자,79910.0,80160.0,79460.0,79790.0,3203362
2024-03-18,삼성전자,81040.0,81510.0,80870.0,81110.0,4016432
2024-03-19,삼성전자,81220.0,81620.0,80930.0,81060.0,2792638
2024-03-20,삼성전자,80260.0,81240.0,80110.0,80210.0,2257180
2024-03-21,삼성전자,79210.0,79280.0,79050.0,79240.0,3096257
2024-03-22,삼성전자,80000.0,81180.0,79530.0,80130.0,3208251
2024-03-25,삼성전자,81800.0,81980.0,80990.0,81700.0,3582256
2024-03-26,삼성전자,83970.0,84400.0,83190.0,84060.0,3138354
2024-03-27,삼성전자,82720.0,83110.0,82150.0,82680.0,4739703
2024-03-28,삼성전자,82960.0,83250.0,82210.0,83000.0,3880687
2024-03-29,삼성전자,80990.0,81550.0,80660.0,80860.0,2923250
2024-04-01,삼성전자,83430.0,84240.0,83160.0,83550.0,3743165
2024-04-02,삼성전자,83220.0,83570.0,82950.0,83390.0,2131936
2024-04-03,삼성전자,82780.0,83530.0,82680.0,83300.0,1734860
2024-04-04,삼성전자,81170.0,81880.0,80520.0,81440.0,3121315
2024-04-05,삼성전자,82340.0,82630.0,81760.0,82190.0,2875933
2024-04-08,삼성전자,84290.0,84660.0,83700.0,84420.0,3438929
2024-04-09,삼성전자,86900.0,87350.0,85340.0,86300.0,3216514
2024-04-10,삼성전자,86720.0,86970.0,86310.0,86410.0,3761382
2024-04-11,삼성전자,86720.0,86990.0,86550.0,86910.0,3441733
2024-04-12,삼성전자,85170.0,86290.0,84910.0,85700.0,3693031
2024-04-15,삼성전자,88520.0,88660.0,88430.0,88440.0,2276489
2024-04-16,삼성전자,91740.0,91770.0,90990.0,91350.0,1738578
2024-04-17,삼성전자,91580.0,92370.0,90900.0,91790.0,2651345
2024-04-18,삼성전자,89250.0,91210.0,89210.0,89260.0,1883527
2024-04-19,삼성전자,92420.0,92760.0,91390.0,92020.0,3105476
2024-04-22,삼성전자,88500.0,89250.0,87990.0,89050.0,3367051
2024-04-23,삼성전자,89320.0,89520.0,88650.0,89020.0,3605089
2024-04-24,삼성전자,90990.0,91700.0,89950.0,91230.0,2704931
2024-04-25,삼성전자,91510.0,91590.0,90960.0,91070.0,1641824
2024-04-26,삼성전자,89480.0,89800.0,88650.0,89350.0,3710865
2024-04-29,삼성전자,91690.0,91810.0,91230.0,91610.0,2739022
2024-04-30,삼성전자,90960.0,91050.0,89950.0,91030.0,3587236
2024-05-01,삼성전자,91830.0,92520.0,91480.0,92310.0,1946024
2024-05-02,삼성전자,92670.0,93100.0,91460.0,91900.0,2198197
2024-05-03,삼성전자,93010.0,93590.0,92460.0,92950.0,3910082
2024-05-06,삼성전자,95990.0,97300.0,95120.0,96270.0,4502473
2024-05-07,삼성전자,97580.0,97940.0,96310.0,96910.0,1712244
2024-05-08,삼성전자,97700.0,98580.0,97510.0,97600.0,2874159
2024-05-09,삼성전자,95500.0,95860.0,95490.0,95500.0,3183078
2024-05-10,삼성전자,96520.0,96880.0,96100.0,96700.0,3144897
2024-05-13,삼성전자,99870.0,100170.0,99040.0,99800.0,2838298
2024-05-14,삼성전자,98540.0,99760.0,98500.0,98790.0,3749403
2024-05-15,삼성전자,98840.0,99980.0,98740.0,99000.0,2367752
2024-05-16,삼성전자,98770.0,99130.0,98050.0,98470.0,1378295
2024-05-17,삼성전자,95460.0,96140.0,94870.0,95660.0,1963716
2024-05-20,삼성전자,94000.0,94140.0,93600.0,94050.0,3496558
2024-05-21,삼성전자,92880.0,93440.0,91880.0,92920.0,3243553
2024-05-22,삼성전자,91740.0,92400.0,91080.0,91590.0,1061758
2024-05-23,삼성전자,89030.0,90650.0,88840.0,89330.0,1955263
2024-05-24,삼성전자,89770.0,90130.0,89680.0,89870.0,2573371
2024-05-27,삼성전자,90210.0,90730.0,89340.0,90420.0,3954551
2024-05-28,삼성전자,91680.0,92390.0,91600.0,91990.0,873285
2024-05-29,삼성전자,89950.0,90900.0,89200.0,89440.0,2821744
2024-05-30,삼성전자,89330.0,89550.0,88920.0,88990.0,2578411
2024-05-31,삼성전자,87530.0,88130.0,87420.0,87730.0,3234459
2024-06-03,삼성전자,87390.0,88290.0,87230.0,87980.0,3513293
2024-06-04,삼성전자,90190.0,91400.0,89750.0,90640.0,1235048
2024-06-05,삼성전자,90160.0,90780.0,89230.0,89930.0,1541841
2024-06-06,삼성전자,93680.0,94190.0,93080.0,93460.0,3435406
2024-06-07,삼성전자,90880.0,91170.0,90270.0,90610.0,1157895
2024-06-10,삼성전자,89870.0,90830.0,89780.0,89910.0,2655214
2024-06-11,삼성전자,89920.0,90290.0,89410.0,89480.0,2662264
2024-06-12,삼성전자,89250.0,90660.0,88840.0,90180.0,2704909
2024-06-13,삼성전자,94250.0,94260.0,93320.0,93550.0,4204770
2024-06-14,삼성전자,94000.0,94400.0,93920.0,94350.0,3102042
2024-06-17,삼성전자,96190.0,96710.0,95480.0,96520.0,2589829
2024-06-18,삼성전자,98920.0,99330.0,98410.0,98560.0,4348362
2024-06-19,삼성전자,101090.0,101620.0,100230.0,100850.0,1444396
2024-06-20,삼성전자,97520.0,98010.0,97440.0,97910.0,2607574
2024-06-21,삼성전자,97100.0,97180.0,96100.0,96640.0,3123767
2024-06-24,삼성전자,98570.0,99230.0,98520.0,98930.0,2593904
2024-06-25,삼성전자,96630.0,98160.0,96490.0,97120.0,1970229
2024-06-26,삼성전자,98710.0,98910.0,97150.0,98720.0,3353596
2024-06-27,삼성전자,100160.0,100860.0,99850.0,100320.0,3009098
2024-06-28,삼성전자,102280.0,103240.0,101500.0,102400.0,4300329
2024-07-01,삼성전자,102510.0,103490.0,101470.0,102980.0,3530403
2024-07-02,삼성전자,103660.0,104300.0,103450.0,103910.0,2042687
2024-07-03,삼성전자,101130.0,101570.0,100820.0,101390.0,3117999
2024-07-04,삼성전자,102780.0,104060.0,102130.0,103890.0,2123380
2024-07-05,삼성전자,102680.0,103330.0,102010.0,103070.0,2211047
2024-07-08,삼성전자,103060.0,103790.0,101990.0,102070.0,3308461
2024-07-09,삼성전자,102570.0,103420.0,102540.0,102880.0,1834444
2024-07-10,삼성전자,102620.0,103660.0,102090.0,102880.0,2825481
2024-07-11,삼성전자,104780.0,105250.0,104400.0,105180.0,3580120
2024-07-12,삼성전자,104190.0,104260.0,103020.0,103450.0,1991962
2024-07-15,삼성전자,107840.0,108540.0,105840.0,108110.0,4372189
2024-07-16,삼성전자,108810.0,109770.0,108730.0,108990.0,3464791
2024-07-17,삼성전자,111490.0,112500.0,110450.0,111320.0,4437877
2024-07-18,삼성전자,114730.0,116500.0,114460.0,115120.0,3566234
2024-07-19,삼성전자,115780.0,116820.0,113600.0,114820.0,3155580
2024-07-22,삼성전자,118280.0,118330.0,117690.0,118160.0,2929151
2024-07-23,삼성전자,119330.0,120280.0,118930.0,120250.0,3750155
2024-07-24,삼성전자,121780.0,122010.0,121670.0,121780.0,3146367
2024-07-25,삼성전자,124450.0,124810.0,123640.0,124200.0,1661033
2024-07-26,삼성전자,123930.0,124890.0,123030.0,123510.0,3158311
2024-07-29,삼성전자,126140.0,126340.0,125840.0,126190.0,1676275
2024-07-30,삼성전자,129390.0,130420.0,129300.0,129820.0,2728254
2024-07-31,삼성전자,129810.0,130170.0,129530.0,129550.0,3079435
2024-08-01,삼성전자,129710.0,130080.0,128740.0,129710.0,2541012
2024-08-02,삼성전자,128040.0,128420.0,127270.0,127910.0,2123042
2024-08-05,삼성전자,126480.0,126570.0,125650.0,125960.0,2409126
2024-08-06,삼성전자,122510.0,122590.0,121090.0,121970.0,3654108
2024-08-07,삼성전자,121830.0,122200.0,120900.0,121550.0,3364635
2024-08-08,삼성전자,121480.0,121640.0,121170.0,121440.0,3176675
2024-08-09,삼성전자,124570.0,124740.0,123660.0,124680.0,2133747
2024-08-12,삼성전자,125650.0,126190.0,125440.0,126000.0,265590
2024-08-13,삼성전자,126280.0,128050.0,125640.0,127030.0,3638777
2024-08-14,삼성전자,123380.0,123950.0,123160.0,123710.0,3675623
2024-08-15,삼성전자,122900.0,123640.0,122660.0,123210.0,3254345
2024-08-16,삼성전자,123590.0,123970.0,123490.0,123670.0,1857174
2024-08-19,삼성전자,119590.0,120670.0,119360.0,120180.0,2620771
2024-08-20,삼성전자,118270.0,118520.0,116900.0,117650.0,3775533
2024-08-21,삼성전자,120590.0,121610.0,119280.0,120940.0,1330702
2024-08-22,삼성전자,116530.0,117220.0,115630.0,116650.0,2456255
2024-08-23,삼성전자,115930.0,117030.0,115140.0,116670.0,3191947
2024-08-26,삼성전자,116110.0,117610.0,115980.0,116410.0,2369655
2024-08-27,삼성전자,118720.0,118780.0,117480.0,118300.0,2501847
2024-08-28,삼성전자,115400.0,116540.0,113820.0,115900.0,2869748
2024-08-29,삼성전자,116980.0,117100.0,116550.0,117080.0,2633890
2024-08-30,삼성전자,116740.0,117420.0,115860.0,116160.0,2263109
2024-09-02,삼성전자,116440.0,116780.0,115510.0,116220.0,2294690
2024-09-03,삼성전자,117320.0,118430.0,116230.0,117050.0,1303717
2024-09-04,삼성전자,120170.0,120660.0,117830.0,119070.0,4036768
2024-09-05,삼성전자,119000.0,120270.0,117780.0,118370.0,2460054
2024-09-06,삼성전자,117220.0,117700.0,116350.0,116930.0,2604443
2024-09-09,삼성전자,117100.0,117540.0,115290.0,116330.0,3453341
2024-09-10,삼성전자,117830.0,117880.0,116510.0,117250.0,2070389
2024-09-11,삼성전자,116450.0,116560.0,115780.0,116180.0,2336097
2024-09-12,삼성전자,118460.0,119060.0,118450.0,118700.0,1543074
2024-09-13,삼성전자,119550.0,119820.0,119230.0,119340.0,2796101
2024-09-16,삼성전자,122300.0,122320.0,121570.0,122100.0,3565232
2024-09-17,삼성전자,121800.0,122250.0,121180.0,121800.0,2970272
2024-09-18,삼성전자,119290.0,119510.0,118820.0,118880.0,1642716
2024-09-19,삼성전자,120800.0,120990.0,119980.0,120650.0,2636284
2024-09-20,삼성전자,121420.0,122230.0,120420.0,120660.0,2375695
2024-09-23,삼성전자,116700.0,117760.0,116130.0,116290.0,1022907
2024-09-24,삼성전자,113680.0,114270.0,113340.0,113450.0,3832692
2024-09-25,삼성전자,108480.0,109850.0,106780.0,108760.0,2342846
2024-09-26,삼성전자,108400.0,109700.0,108300.0,108850.0,3006890
2024-09-27,삼성전자,112290.0,113660.0,111720.0,112720.0,4132158
2024-09-30,삼성전자,111610.0,112100.0,111040.0,111190.0,2313158
2024-10-01,삼성전자,115090.0,115110.0,114010.0,114550.0,2277121
2024-10-02,삼성전자,114570.0,115440.0,113840.0,113900.0,2900200
2024-10-03,삼성전자,117140.0,117450.0,116580.0,116800.0,1640651
2024-10-04,삼성전자,115240.0,115980.0,115060.0,115970.0,2500923
2024-10-07,삼성전자,115740.0,116430.0,115650.0,115830.0,2298175
2024-10-08,삼성전자,117100.0,117600.0,116010.0,116250.0,1666782
2024-10-09,삼성전자,117450.0,118860.0,117180.0,117750.0,3209986
2024-10-10,삼성전자,117600.0,118510.0,117310.0,118260.0,4255730
2024-10-11,삼성전자,120300.0,120860.0,120090.0,120160.0,2244939
2024-10-14,삼성전자,120840.0,121160.0,119980.0,120860.0,2736735
2024-10-15,삼성전자,124650.0,126160.0,124230.0,125010.0,2641188
2024-10-16,삼성전자,124360.0,125450.0,122540.0,123870.0,3174389
2024-10-17,삼성전자,125610.0,126460.0,125570.0,125610.0,2469374
2024-10-18,삼성전자,125270.0,125370.0,125260.0,125360.0,1946956
2024-10-21,삼성전자,130010.0,131160.0,129800.0,130280.0,2985447
2024-10-22,삼성전자,129910.0,130230.0,128870.0,129290.0,1907953
2024-10-23,삼성전자,131330.0,133180.0,130490.0,131680.0,3126263
2024-10-24,삼성전자,128550.0,128780.0,127890.0,128780.0,3238266
2024-10-25,삼성전자,126250.0,126520.0,125270.0,126280.0,2004312
2024-10-28,삼성전자,131700.0,132240.0,130960.0,131610.0,1660483
2024-10-29,삼성전자,128280.0,129120.0,127060.0,127890.0,2377157
2024-10-30,삼성전자,133400.0,134610.0,133280.0,133650.0,3059023
2024-10-31,삼성전자,131890.0,132130.0,131410.0,131520.0,1828839
2024-11-01,삼성전자,132950.0,134240.0,132540.0,132940.0,2970510
2024-11-04,삼성전자,135080.0,136000.0,134730.0,135100.0,3333872
2024-11-05,삼성전자,134290.0,135940.0,132980.0,135620.0,2186234
2024-11-06,삼성전자,132020.0,132840.0,130760.0,131660.0,2847801
2024-11-07,삼성전자,136550.0,136690.0,135350.0,135840.0,3737337
2024-11-08,삼성전자,136730.0,137420.0,135560.0,136950.0,1965337
2024-11-11,삼성전자,137240.0,138450.0,135590.0,137200.0,2346686
2024-11-12,삼성전자,137210.0,137420.0,136420.0,136880.0,2104918
2024-11-13,삼성전자,134480.0,135180.0,132440.0,134480.0,2542262
2024-11-14,삼성전자,138650.0,138720.0,138450.0,138570.0,3289885
2024-11-15,삼성전자,138350.0,138870.0,137080.0,138720.0,3125284
2024-11-18,삼성전자,137100.0,138170.0,135440.0,137400.0,3744067
2024-11-19,삼성전자,138160.0,139220.0,137730.0,138030.0,1436384
2024-11-20,삼성전자,137730.0,137940.0,136620.0,137570.0,2055040
2024-11-21,삼성전자,132660.0,133590.0,131740.0,132470.0,3865505
2024-11-22,삼성전자,132980.0,134850.0,132660.0,133560.0,3044034
2024-11-25,삼성전자,135560.0,135840.0,134610.0,135500.0,4149485
2024-11-26,삼성전자,134820.0,135960.0,134680.0,135490.0,2509780
2024-11-27,삼성전자,137570.0,139050.0,135880.0,136980.0,2735942
2024-11-28,삼성전자,136050.0,136600.0,135500.0,136100.0,2640100
2024-11-29,삼성전자,141840.0,143300.0,140240.0,142090.0,3007901
2024-12-02,삼성전자,142270.0,142590.0,141160.0,141650.0,4765769
2024-12-03,삼성전자,142870.0,143540.0,140750.0,143310.0,2518443
2024-12-04,삼성전자,142510.0,143090.0,142340.0,143020.0,4240684
2024-12-05,삼성전자,144040.0,145600.0,142280.0,142900.0,2214748
2024-12-06,삼성전자,144970.0,145380.0,144100.0,144120.0,2008886
2024-12-09,삼성전자,150040.0,150910.0,150030.0,150190.0,2938173
2024-12-10,삼성전자,148650.0,149720.0,148370.0,149040.0,2093151
2024-12-11,삼성전자,147990.0,149070.0,147760.0,148460.0,3291205
2024-12-12,삼성전자,146730.0,146990.0,145840.0,146450.0,4182829
2024-12-13,삼성전자,146450.0,147660.0,145910.0,146970.0,877526
2024-12-16,삼성전자,148940.0,149180.0,146970.0,148390.0,2887610
2024-12-17,삼성전자,150790.0,151920.0,150710.0,150850.0,2920397
2024-12-18,삼성전자,150950.0,151320.0,150310.0,150360.0,4127276
2024-12-19,삼성전자,148540.0,148880.0,148050.0,148600.0,2631389
2024-12-20,삼성전자,149430.0,150300.0,149110.0,149160.0,2925505
2024-12-23,삼성전자,144360.0,145870.0,143290.0,144760.0,3031522
2024-12-24,삼성전자,143880.0,145810.0,142680.0,145130.0,4549308
2024-12-25,삼성전자,146420.0,147230.0,143350.0,145460.0,1610254
2024-12-26,삼성전자,146590.0,146820.0,145730.0,146400.0,2449930
2024-12-27,삼성전자,148230.0,149680.0,148180.0,148860.0,2905758
2024-12-30,삼성전자,149000.0,149850.0,147550.0,148540.0,3394441
2024-12-31,삼성전자,150000.0,150960.0,149940.0,150560.0,2037766
2024-01-02,SK하이닉스,139110.0,139590.0,137740.0,138680.0,14212768
2024-01-03,SK하이닉스,140020.0,140880.0,139660.0,140530.0,7781259
2024-01-04,SK하이닉스,142950.0,143290.0,140910.0,142450.0,8345990
2024-01-05,SK하이닉스,145630.0,146290.0,145330.0,145350.0,8315200
2024-01-08,SK하이닉스,152980.0,153440.0,150780.0,152080.0,8423096
2024-01-09,SK하이닉스,152220.0,153700.0,152120.0,152410.0,7835255
2024-01-10,SK하이닉스,153740.0,153980.0,153490.0,153850.0,9384709
2024-01-11,SK하이닉스,157800.0,159830.0,157500.0,158430.0,6859384
2024-01-12,SK하이닉스,159410.0,160310.0,159300.0,159550.0,6649239
2024-01-15,SK하이닉스,155550.0,156850.0,154910.0,156030.0,12271366
2024-01-16,SK하이닉스,153940.0,154850.0,152540.0,153020.0,11578406
2024-01-17,SK하이닉스,154740.0,155810.0,154250.0,154250.0,10430946
2024-01-18,SK하이닉스,152340.0,153350.0,150810.0,152350.0,7394667
2024-01-19,SK하이닉스,152400.0,153850.0,151300.0,152100.0,5345196
2024-01-22,SK하이닉스,151270.0,152920.0,149730.0,151380.0,11151635
2024-01-23,SK하이닉스,152480.0,153110.0,152000.0,152300.0,7437159
2024-01-24,SK하이닉스,152920.0,153480.0,150780.0,151910.0,12930778
2024-01-25,SK하이닉스,154590.0,154710.0,153570.0,154020.0,6183370
2024-01-26,SK하이닉스,156630.0,156840.0,155740.0,155910.0,5975418
2024-01-29,SK하이닉스,159830.0,161630.0,159320.0,159380.0,6742990
2024-01-30,SK하이닉스,159520.0,160630.0,159500.0,160120.0,9446290
2024-01-31,SK하이닉스,156380.0,157360.0,155560.0,156420.0,6923819
2024-02-01,SK하이닉스,154770.0,156290.0,154280.0,155710.0,12271367
2024-02-02,SK하이닉스,158430.0,160810.0,158240.0,159260.0,12686659
2024-02-05,SK하이닉스,162260.0,162610.0,160450.0,161620.0,9679689
2024-02-06,SK하이닉스,166130.0,166550.0,165700.0,165710.0,5162096
2024-02-07,SK하이닉스,164680.0,165310.0,163040.0,164110.0,7662182
2024-02-08,SK하이닉스,163460.0,164060.0,161690.0,162900.0,4455142
2024-02-09,SK하이닉스,161900.0,162880.0,160950.0,161540.0,10120537
2024-02-12,SK하이닉스,159870.0,161480.0,158360.0,159490.0,10500427
2024-02-13,SK하이닉스,161090.0,162080.0,160870.0,161050.0,5942282
2024-02-14,SK하이닉스,159030.0,159460.0,158480.0,159410.0,7268993
2024-02-15,SK하이닉스,158990.0,160180.0,158370.0,159830.0,5917381
2024-02-16,SK하이닉스,157280.0,160040.0,154010.0,156900.0,6668460
2024-02-19,SK하이닉스,158910.0,159950.0,157950.0,158820.0,12536879
2024-02-20,SK하이닉스,159480.0,160160.0,157340.0,157510.0,13552035
2024-02-21,SK하이닉스,156080.0,156400.0,155260.0,156050.0,7532835
2024-02-22,SK하이닉스,154320.0,155810.0,153240.0,153660.0,9711095
2024-02-23,SK하이닉스,150270.0,152360.0,149740.0,150560.0,9167492
2024-02-26,SK하이닉스,149190.0,150230.0,148880.0,148920.0,12788779
2024-02-27,SK하이닉스,150640.0,150930.0,149480.0,150000.0,13434199
2024-02-28,SK하이닉스,148610.0,149700.0,147770.0,148310.0,12285681
2024-02-29,SK하이닉스,146460.0,147030.0,144480.0,145610.0,5938271
2024-03-01,SK하이닉스,140480.0,142140.0,139490.0,140540.0,10209205
2024-03-04,SK하이닉스,136590.0,136740.0,135600.0,136040.0,8237201
2024-03-05,SK하이닉스,138420.0,139100.0,137440.0,137960.0,9099036
2024-03-06,SK하이닉스,140240.0,140380.0,138680.0,140300.0,3987727
2024-03-07,SK하이닉스,140870.0,141380.0,140740.0,141270.0,8203823
2024-03-08,SK하이닉스,141830.0,143790.0,141650.0,142710.0,11416211
2024-03-11,SK하이닉스,144870.0,144910.0,143370.0,143870.0,5451862
2024-03-12,SK하이닉스,138820.0,139460.0,138510.0,138780.0,6001331
2024-03-13,SK하이닉스,138490.0,138520.0,137930.0,138170.0,12362119
2024-03-14,SK하이닉스,138920.0,139160.0,137430.0,138830.0,5409920
2024-03-15,SK하이닉스,138800.0,140850.0,138760.0,139500.0,14682723
2024-03-18,SK하이닉스,140450.0,140560.0,139470.0,139490.0,6128470
2024-03-19,SK하이닉스,138440.0,139510.0,138180.0,138750.0,15308971
2024-03-20,SK하이닉스,140380.0,142070.0,139060.0,139220.0,10375345
2024-03-21,SK하이닉스,138650.0,138890.0,136910.0,137740.0,5628443
2024-03-22,SK하이닉스,137590.0,137880.0,136990.0,137360.0,9008377
2024-03-25,SK하이닉스,133880.0,135230.0,133210.0,134550.0,5659946
2024-03-26,SK하이닉스,134480.0,134980.0,134220.0,134960.0,4979605
2024-03-27,SK하이닉스,136170.0,136340.0,135410.0,135690.0,9048195
2024-03-28,SK하이닉스,135460.0,135720.0,135000.0,135380.0,11941296
2024-03-29,SK하이닉스,137860.0,138300.0,137060.0,137120.0,13582226
2024-04-01,SK하이닉스,136260.0,138000.0,135300.0,135360.0,9302154
2024-04-02,SK하이닉스,138890.0,141050.0,138600.0,139030.0,9912117
2024-04-03,SK하이닉스,137520.0,138790.0,136670.0,138570.0,8652504
2024-04-04,SK하이닉스,139650.0,140230.0,139090.0,139230.0,9489146
2024-04-05,SK하이닉스,140570.0,140670.0,140090.0,140650.0,6442985
2024-04-08,SK하이닉스,136000.0,136550.0,135440.0,136390.0,9273162
2024-04-09,SK하이닉스,136130.0,136680.0,135650.0,135890.0,8467059
2024-04-10,SK하이닉스,131550.0,133210.0,130720.0,132730.0,13120455
2024-04-11,SK하이닉스,133320.0,133580.0,131930.0,133110.0,12711221
2024-04-12,SK하이닉스,131260.0,133330.0,130570.0,132510.0,12557202
2024-04-15,SK하이닉스,134650.0,135540.0,134330.0,134720.0,7599034
2024-04-16,SK하이닉스,132830.0,132840.0,131730.0,132450.0,9592586
2024-04-17,SK하이닉스,130910.0,132240.0,130730.0,131270.0,10418079
2024-04-18,SK하이닉스,131920.0,133610.0,129490.0,131220.0,6891316
2024-04-19,SK하이닉스,129800.0,130310.0,128790.0,129250.0,7368971
2024-04-22,SK하이닉스,133230.0,133870.0,132030.0,132660.0,10044945
2024-04-23,SK하이닉스,133560.0,133690.0,132390.0,132820.0,10845258
2024-04-24,SK하이닉스,135750.0,136300.0,135140.0,136180.0,3120161
2024-04-25,SK하이닉스,134950.0,137260.0,134790.0,136590.0,7637596
2024-04-26,SK하이닉스,135310.0,135750.0,134060.0,135530.0,13973005
2024-04-29,SK하이닉스,135030.0,135660.0,132830.0,134400.0,9658775
2024-04-30,SK하이닉스,132640.0,133000.0,131720.0,132540.0,6959883
2024-05-01,SK하이닉스,131580.0,131730.0,130900.0,131260.0,7357983
2024-05-02,SK하이닉스,129950.0,130160.0,129100.0,129350.0,9763265
2024-05-03,SK하이닉스,133110.0,133320.0,131840.0,132150.0,13802167
2024-05-06,SK하이닉스,129480.0,130590.0,128900.0,129570.0,9786996
2024-05-07,SK하이닉스,128900.0,130470.0,127840.0,128970.0,9457752
2024-05-08,SK하이닉스,127090.0,127400.0,126740.0,127040.0,10160820
2024-05-09,SK하이닉스,133700.0,134630.0,133070.0,134320.0,7772894
2024-05-10,SK하이닉스,135470.0,135760.0,134700.0,135470.0,5287965
2024-05-13,SK하이닉스,139350.0,140920.0,137320.0,139040.0,5757933
2024-05-14,SK하이닉스,140220.0,141260.0,139480.0,139810.0,11198763
2024-05-15,SK하이닉스,133690.0,134030.0,133330.0,133950.0,5295922
2024-05-16,SK하이닉스,129410.0,129960.0,128470.0,129540.0,8524030
2024-05-17,SK하이닉스,129970.0,131240.0,128780.0,130570.0,7862385
2024-05-20,SK하이닉스,130070.0,130240.0,129160.0,129290.0,7896988
2024-05-21,SK하이닉스,134970.0,136320.0,133420.0,134600.0,6020848
2024-05-22,SK하이닉스,141560.0,141930.0,141130.0,141800.0,5341416
2024-05-23,SK하이닉스,145930.0,147460.0,145470.0,146280.0,7026773
2024-05-24,SK하이닉스,149070.0,150190.0,148570.0,148600.0,4268441
2024-05-27,SK하이닉스,152530.0,152860.0,151980.0,152620.0,8839804
2024-05-28,SK하이닉스,154390.0,155300.0,153600.0,154070.0,9797948
2024-05-29,SK하이닉스,152660.0,153880.0,151750.0,152680.0,8107172
2024-05-30,SK하이닉스,151850.0,153230.0,150490.0,151490.0,11566850
2024-05-31,SK하이닉스,148690.0,150370.0,148530.0,149750.0,6352299
2024-06-03,SK하이닉스,149590.0,150640.0,148960.0,149650.0,9074900
2024-06-04,SK하이닉스,144070.0,145120.0,143760.0,144020.0,11100288
2024-06-05,SK하이닉스,143420.0,144590.0,143360.0,143560.0,4716234
2024-06-06,SK하이닉스,139770.0,141650.0,139750.0,140300.0,7082015
2024-06-07,SK하이닉스,137790.0,138580.0,137320.0,137510.0,7791611
2024-06-10,SK하이닉스,140670.0,141770.0,138980.0,140080.0,10373428
2024-06-11,SK하이닉스,144150.0,144930.0,143200.0,144780.0,15008299
2024-06-12,SK하이닉스,145330.0,146790.0,143080.0,144000.0,10284559
2024-06-13,SK하이닉스,145140.0,145830.0,143890.0,145440.0,11823317
2024-06-14,SK하이닉스,142260.0,143170.0,141890.0,142420.0,6629272
2024-06-17,SK하이닉스,139740.0,140930.0,137920.0,140510.0,12399203
2024-06-18,SK하이닉스,141840.0,142540.0,141510.0,141590.0,10179318
2024-06-19,SK하이닉스,141830.0,142490.0,139400.0,140740.0,7973418
2024-06-20,SK하이닉스,144080.0,145780.0,143470.0,144530.0,12232634
2024-06-21,SK하이닉스,143850.0,143990.0,141330.0,142680.0,7733437
2024-06-24,SK하이닉스,147070.0,147400.0,145680.0,146620.0,12647308
2024-06-25,SK하이닉스,146660.0,148060.0,145610.0,147830.0,8066585
2024-06-26,SK하이닉스,149150.0,149520.0,148710.0,149230.0,9253430
2024-06-27,SK하이닉스,146940.0,148730.0,145490.0,146760.0,8952965
2024-06-28,SK하이닉스,145780.0,146020.0,144550.0,145960.0,8968280
2024-07-01,SK하이닉스,140740.0,141470.0,140240.0,141000.0,9817064
2024-07-02,SK하이닉스,142160.0,142590.0,141290.0,142120.0,13401657
2024-07-03,SK하이닉스,144060.0,145200.0,142800.0,143120.0,9229710
2024-07-04,SK하이닉스,141890.0,142440.0,141320.0,141880.0,8986124
2024-07-05,SK하이닉스,142040.0,142710.0,141750.0,142030.0,3483360
2024-07-08,SK하이닉스,139990.0,140430.0,139350.0,139790.0,8415262
2024-07-09,SK하이닉스,142040.0,143230.0,141120.0,142430.0,7078296
2024-07-10,SK하이닉스,142800.0,144450.0,142580.0,143700.0,13122323
2024-07-11,SK하이닉스,143770.0,145790.0,143690.0,143940.0,13854444
2024-07-12,SK하이닉스,144570.0,145140.0,144400.0,144750.0,7572030
2024-07-15,SK하이닉스,144620.0,146110.0,144360.0,144390.0,10144902
2024-07-16,SK하이닉스,146050.0,146210.0,145270.0,145680.0,9787724
2024-07-17,SK하이닉스,151980.0,152430.0,151200.0,151280.0,16608653
2024-07-18,SK하이닉스,154730.0,156790.0,153400.0,153790.0,5339083
2024-07-19,SK하이닉스,154140.0,157260.0,151810.0,155180.0,6549412
2024-07-22,SK하이닉스,158200.0,159050.0,156810.0,158250.0,5514409
2024-07-23,SK하이닉스,156840.0,157410.0,155750.0,156350.0,8004011
2024-07-24,SK하이닉스,156300.0,156300.0,154600.0,155870.0,7612877
2024-07-25,SK하이닉스,153600.0,154850.0,152800.0,153390.0,7253866
2024-07-26,SK하이닉스,152250.0,152640.0,151940.0,152590.0,7209851
2024-07-29,SK하이닉스,158330.0,158660.0,157020.0,157500.0,10109801
2024-07-30,SK하이닉스,159660.0,160980.0,159190.0,160340.0,8431909
2024-07-31,SK하이닉스,159060.0,160020.0,158800.0,159290.0,11338001
2024-08-01,SK하이닉스,158610.0,160630.0,157590.0,159130.0,7272881
2024-08-02,SK하이닉스,158720.0,159960.0,157060.0,159370.0,5704100
2024-08-05,SK하이닉스,155890.0,157310.0,155160.0,156480.0,8205807
2024-08-06,SK하이닉스,158270.0,159960.0,157450.0,158640.0,8657627
2024-08-07,SK하이닉스,155290.0,155470.0,153340.0,154310.0,12741469
2024-08-08,SK하이닉스,154460.0,154910.0,154020.0,154860.0,12557369
2024-08-09,SK하이닉스,154480.0,157560.0,152400.0,155160.0,11410855
2024-08-12,SK하이닉스,159390.0,159740.0,157030.0,158100.0,8371929
2024-08-13,SK하이닉스,159880.0,161400.0,158570.0,159050.0,13072733
2024-08-14,SK하이닉스,159180.0,160490.0,158610.0,159940.0,5244155
2024-08-15,SK하이닉스,162460.0,162620.0,160410.0,161910.0,11591140
2024-08-16,SK하이닉스,156910.0,158270.0,155880.0,157850.0,8979339
2024-08-19,SK하이닉스,158570.0,160480.0,158430.0,158990.0,8563947
2024-08-20,SK하이닉스,161330.0,162950.0,159500.0,160340.0,13734967
2024-08-21,SK하이닉스,166850.0,168510.0,164430.0,166420.0,5308268
2024-08-22,SK하이닉스,167060.0,168520.0,165280.0,166820.0,7215240
2024-08-23,SK하이닉스,164670.0,166120.0,163320.0,164470.0,6200314
2024-08-26,SK하이닉스,163640.0,165310.0,163170.0,164390.0,10282590
2024-08-27,SK하이닉스,159710.0,162420.0,159180.0,160700.0,10376986
2024-08-28,SK하이닉스,164200.0,164210.0,162970.0,163690.0,9735388
2024-08-29,SK하이닉스,164750.0,167160.0,163780.0,165820.0,9186691
2024-08-30,SK하이닉스,168380.0,169400.0,167150.0,168790.0,7685722
2024-09-02,SK하이닉스,168200.0,170710.0,167830.0,169460.0,10755352
2024-09-03,SK하이닉스,169480.0,170640.0,168470.0,170060.0,6738069
2024-09-04,SK하이닉스,175880.0,176430.0,174650.0,175560.0,8934797
2024-09-05,SK하이닉스,179690.0,180020.0,177370.0,178160.0,7839244
2024-09-06,SK하이닉스,177960.0,181030.0,176030.0,177440.0,12334701
2024-09-09,SK하이닉스,176760.0,177430.0,175490.0,175970.0,11731719
2024-09-10,SK하이닉스,178750.0,180920.0,177640.0,178180.0,13227244
2024-09-11,SK하이닉스,179810.0,182220.0,178620.0,179250.0,5336426
2024-09-12,SK하이닉스,181380.0,182400.0,181060.0,181350.0,6891883
2024-09-13,SK하이닉스,187350.0,187560.0,186400.0,186760.0,9373723
2024-09-16,SK하이닉스,186620.0,189160.0,184170.0,187270.0,8081471
2024-09-17,SK하이닉스,189620.0,192450.0,188860.0,190110.0,6282080
2024-09-18,SK하이닉스,189610.0,190510.0,187670.0,189090.0,9354003
2024-09-19,SK하이닉스,189520.0,190680.0,185650.0,188950.0,8924520
2024-09-20,SK하이닉스,190740.0,191010.0,188600.0,190510.0,10080725
2024-09-23,SK하이닉스,185920.0,186680.0,185790.0,186500.0,10184650
2024-09-24,SK하이닉스,187740.0,188480.0,187000.0,188170.0,10021741
2024-09-25,SK하이닉스,183910.0,184910.0,180630.0,182540.0,10761666
2024-09-26,SK하이닉스,189480.0,189550.0,188120.0,189280.0,12751659
2024-09-27,SK하이닉스,187210.0,187640.0,185090.0,187280.0,11593913
2024-09-30,SK하이닉스,187220.0,188270.0,186470.0,187800.0,11078399
2024-10-01,SK하이닉스,188410.0,189500.0,186830.0,187950.0,13730004
2024-10-02,SK하이닉스,180250.0,182500.0,179710.0,180730.0,10046651
2024-10-03,SK하이닉스,182120.0,182210.0,180790.0,181370.0,13078579
2024-10-04,SK하이닉스,180850.0,183110.0,178830.0,182670.0,8377862
2024-10-07,SK하이닉스,177040.0,178960.0,176620.0,177890.0,7425074
2024-10-08,SK하이닉스,175500.0,177020.0,175170.0,175880.0,14294399
2024-10-09,SK하이닉스,175610.0,176760.0,175280.0,176200.0,6003979
2024-10-10,SK하이닉스,176130.0,176770.0,175400.0,176230.0,4185587
2024-10-11,SK하이닉스,176440.0,177190.0,175630.0,176550.0,7248419
2024-10-14,SK하이닉스,174420.0,176260.0,174010.0,174950.0,10778015
2024-10-15,SK하이닉스,178740.0,179820.0,177790.0,178850.0,9184818
2024-10-16,SK하이닉스,182210.0,183210.0,181580.0,182810.0,9601856
2024-10-17,SK하이닉스,181170.0,182550.0,180770.0,181930.0,1975164
2024-10-18,SK하이닉스,177650.0,178960.0,176310.0,178220.0,3739653
2024-10-21,SK하이닉스,176940.0,178150.0,176270.0,177640.0,15100522
2024-10-22,SK하이닉스,180380.0,181040.0,179090.0,179700.0,7732657
2024-10-23,SK하이닉스,186050.0,186480.0,184320.0,185550.0,7804571
2024-10-24,SK하이닉스,194050.0,194860.0,189930.0,193300.0,3533973
2024-10-25,SK하이닉스,200150.0,200650.0,196290.0,198460.0,5012376
2024-10-28,SK하이닉스,205460.0,205670.0,203720.0,204860.0,7837035
2024-10-29,SK하이닉스,205620.0,206380.0,205040.0,206330.0,9683494
2024-10-30,SK하이닉스,205230.0,206100.0,204310.0,205730.0,5265979
2024-10-31,SK하이닉스,213950.0,215090.0,212170.0,212600.0,8094102
2024-11-01,SK하이닉스,215640.0,218070.0,215090.0,216950.0,7435440
2024-11-04,SK하이닉스,216900.0,220220.0,215260.0,217270.0,7911788
2024-11-05,SK하이닉스,215460.0,218610.0,215140.0,216880.0,11832743
2024-11-06,SK하이닉스,216830.0,219200.0,213860.0,215520.0,3839128
2024-11-07,SK하이닉스,212020.0,212240.0,210980.0,211260.0,11804748
2024-11-08,SK하이닉스,211460.0,211670.0,208680.0,211450.0,11641722
2024-11-11,SK하이닉스,208320.0,209340.0,206100.0,209250.0,2313306
2024-11-12,SK하이닉스,205340.0,206110.0,203840.0,204490.0,10287807
2024-11-13,SK하이닉스,205910.0,207000.0,200980.0,203340.0,8377288
2024-11-14,SK하이닉스,195960.0,198490.0,195840.0,196930.0,10316805
2024-11-15,SK하이닉스,193360.0,194020.0,192720.0,193360.0,8711639
2024-11-18,SK하이닉스,193660.0,194720.0,193260.0,193760.0,14475799
2024-11-19,SK하이닉스,189560.0,191380.0,188020.0,188850.0,9176373
2024-11-20,SK하이닉스,187180.0,187760.0,185160.0,185860.0,6913669
2024-11-21,SK하이닉스,193250.0,194470.0,193230.0,194190.0,6860637
2024-11-22,SK하이닉스,199250.0,203210.0,199070.0,199750.0,5218706
2024-11-25,SK하이닉스,193140.0,194940.0,192450.0,193080.0,7686477
2024-11-26,SK하이닉스,188730.0,189210.0,187910.0,188120.0,9756655
2024-11-27,SK하이닉스,180260.0,182390.0,179620.0,181380.0,9622977
2024-11-28,SK하이닉스,182600.0,184240.0,180740.0,183190.0,1164001
2024-11-29,SK하이닉스,183700.0,185430.0,181560.0,184190.0,16330114
2024-12-02,SK하이닉스,183790.0,185620.0,182720.0,183030.0,13437218
2024-12-03,SK하이닉스,186040.0,186820.0,184570.0,185630.0,11192520
2024-12-04,SK하이닉스,185750.0,187650.0,184910.0,186120.0,7583703
2024-12-05,SK하이닉스,185770.0,186290.0,184310.0,184320.0,9395436
2024-12-06,SK하이닉스,182380.0,182980.0,180220.0,181780.0,6334407
2024-12-09,SK하이닉스,185740.0,186600.0,183880.0,184940.0,9033196
2024-12-10,SK하이닉스,183730.0,184800.0,181960.0,182670.0,13647264
2024-12-11,SK하이닉스,181460.0,183010.0,179920.0,181370.0,4168491
2024-12-12,SK하이닉스,184720.0,185660.0,184230.0,185460.0,8216651
2024-12-13,SK하이닉스,187620.0,188270.0,186960.0,187020.0,5797037
2024-12-16,SK하이닉스,181450.0,183900.0,180160.0,181590.0,10984061
2024-12-17,SK하이닉스,177410.0,179360.0,175730.0,178300.0,4507132
2024-12-18,SK하이닉스,171330.0,171560.0,169090.0,170700.0,8934635
2024-12-19,SK하이닉스,166280.0,167940.0,165690.0,166070.0,4574738
2024-12-20,SK하이닉스,165650.0,167510.0,164310.0,166570.0,9678360
2024-12-23,SK하이닉스,158430.0,159580.0,157400.0,158960.0,4419377
2024-12-24,SK하이닉스,154280.0,155540.0,153490.0,153720.0,10714063
2024-12-25,SK하이닉스,151360.0,151880.0,150900.0,151620.0,5162464
2024-12-26,SK하이닉스,152490.0,153600.0,151710.0,151760.0,7309154
2024-12-27,SK하이닉스,149900.0,150670.0,149240.0,150650.0,11621261
2024-12-30,SK하이닉스,155820.0,156730.0,155530.0,156120.0,7517048
2024-12-31,SK하이닉스,155590.0,157050.0,152710.0,155860.0,12923541
2024-01-02,네이버,208490.0,209510.0,207440.0,209470.0,10970640
2024-01-03,네이버,213040.0,214300.0,211980.0,213200.0,13845776
2024-01-04,네이버,206350.0,206760.0,205660.0,205690.0,11974086
2024-01-05,네이버,205440.0,206840.0,204340.0,205930.0,9551854
2024-01-08,네이버,202840.0,203390.0,202450.0,203100.0,13188367
2024-01-09,네이버,204710.0,205520.0,203540.0,203790.0,11650761
2024-01-10,네이버,201700.0,201810.0,201330.0,201800.0,12464799
2024-01-11,네이버,202830.0,204310.0,202120.0,202990.0,10664653
2024-01-12,네이버,198190.0,200530.0,196290.0,199780.0,14815053
2024-01-15,네이버,202860.0,205740.0,200340.0,202080.0,14880396
2024-01-16,네이버,208920.0,210260.0,207260.0,208340.0,12885316
2024-01-17,네이버,210070.0,211340.0,205970.0,209640.0,13352431
2024-01-18,네이버,201360.0,202190.0,199670.0,200960.0,7034421
2024-01-19,네이버,202560.0,204040.0,201260.0,203090.0,9825837
2024-01-22,네이버,199990.0,200480.0,199360.0,199900.0,3533143
2024-01-23,네이버,195880.0,196180.0,195200.0,195810.0,13595108
2024-01-24,네이버,197130.0,197390.0,194800.0,196530.0,18071161
2024-01-25,네이버,193350.0,194020.0,192100.0,192570.0,2510942
2024-01-26,네이버,191410.0,194140.0,189810.0,191690.0,10601541
2024-01-29,네이버,186360.0,186450.0,185580.0,186320.0,9717389
2024-01-30,네이버,185070.0,185810.0,184940.0,185480.0,14462617
2024-01-31,네이버,183570.0,183910.0,182460.0,182490.0,9829211
2024-02-01,네이버,179280.0,180650.0,178860.0,180160.0,14621835
2024-02-02,네이버,186500.0,187550.0,183570.0,185330.0,8824711
2024-02-05,네이버,186900.0,189000.0,185510.0,186030.0,11788970
2024-02-06,네이버,188080.0,189530.0,186990.0,188580.0,11736982
2024-02-07,네이버,192350.0,192990.0,191390.0,192630.0,9307108
2024-02-08,네이버,187240.0,187390.0,186380.0,186940.0,11604738
2024-02-09,네이버,185590.0,186070.0,185040.0,185520.0,4598512
2024-02-12,네이버,183850.0,185150.0,182220.0,182640.0,17189823
2024-02-13,네이버,184530.0,187450.0,182810.0,183480.0,13592239
2024-02-14,네이버,181140.0,182470.0,180270.0,181890.0,8351707
2024-02-15,네이버,179750.0,180430.0,177760.0,179720.0,8560279
2024-02-16,네이버,178320.0,178520.0,177580.0,178500.0,16402113
2024-02-19,네이버,174020.0,174940.0,173530.0,174510.0,6323243
2024-02-20,네이버,167820.0,169560.0,167730.0,167790.0,13063284
2024-02-21,네이버,163680.0,165400.0,163210.0,164120.0,7900191
2024-02-22,네이버,163990.0,165570.0,163720.0,165160.0,9758471
2024-02-23,네이버,160000.0,160890.0,159450.0,159750.0,9815317
2024-02-26,네이버,162420.0,164920.0,161580.0,163050.0,17231149
2024-02-27,네이버,163390.0,163550.0,161610.0,162750.0,14359490
2024-02-28,네이버,161090.0,163410.0,160540.0,162390.0,7261034
2024-02-29,네이버,162260.0,164770.0,162100.0,163820.0,13141088
2024-03-01,네이버,167150.0,167290.0,166290.0,167170.0,14068987
2024-03-04,네이버,166960.0,167940.0,165110.0,166750.0,18547987
2024-03-05,네이버,162930.0,163580.0,162190.0,163230.0,8908902
2024-03-06,네이버,167370.0,168410.0,166500.0,167510.0,12306471
2024-03-07,네이버,170360.0,171210.0,168690.0,169400.0,3852362
2024-03-08,네이버,169190.0,170430.0,167960.0,169060.0,3373085
2024-03-11,네이버,167220.0,167760.0,166090.0,166750.0,11639054
2024-03-12,네이버,171280.0,172170.0,170220.0,171710.0,14406516
2024-03-13,네이버,174640.0,175570.0,173410.0,175190.0,8427340
2024-03-14,네이버,169250.0,171000.0,169230.0,170060.0,13676553
2024-03-15,네이버,168230.0,168380.0,166730.0,167410.0,12385082
2024-03-18,네이버,171430.0,173080.0,168540.0,170230.0,18039880
2024-03-19,네이버,169480.0,171080.0,169280.0,170110.0,8186894
2024-03-20,네이버,166290.0,166630.0,165170.0,165640.0,16035137
2024-03-21,네이버,170060.0,170400.0,169100.0,169990.0,11308928
2024-03-22,네이버,171820.0,172540.0,170870.0,172050.0,12859775
2024-03-25,네이버,173530.0,177200.0,172080.0,174970.0,14271031
2024-03-26,네이버,175190.0,176450.0,175110.0,176140.0,11469946
2024-03-27,네이버,170320.0,171230.0,169520.0,170300.0,10789060
2024-03-28,네이버,166870.0,169800.0,166200.0,167170.0,12774336
2024-03-29,네이버,164230.0,164990.0,163920.0,163950.0,16537170
2024-04-01,네이버,154300.0,155640.0,154010.0,155560.0,4191427
2024-04-02,네이버,151460.0,152730.0,150810.0,152190.0,11444873
2024-04-03,네이버,152890.0,154510.0,152380.0,154200.0,19466133
2024-04-04,네이버,152080.0,152560.0,151540.0,152440.0,7598057
2024-04-05,네이버,153800.0,154290.0,152190.0,153150.0,5341304
2024-04-08,네이버,150650.0,151660.0,149770.0,150720.0,9136452
2024-04-09,네이버,154020.0,154860.0,153020.0,153780.0,15042773
2024-04-10,네이버,155590.0,156960.0,155210.0,156080.0,15496316
2024-04-11,네이버,155230.0,155620.0,154340.0,155110.0,8454366
2024-04-12,네이버,157390.0,158020.0,157080.0,157580.0,10169432
2024-04-15,네이버,159760.0,160770.0,159710.0,159950.0,15134118
2024-04-16,네이버,160670.0,161470.0,159600.0,161030.0,13113483
2024-04-17,네이버,163360.0,164210.0,162880.0,163990.0,18412421
2024-04-18,네이버,162710.0,163060.0,161030.0,162560.0,2391441
2024-04-19,네이버,169520.0,170260.0,168660.0,170190.0,8339479
2024-04-22,네이버,166490.0,167630.0,166410.0,166730.0,18195177
2024-04-23,네이버,166360.0,167880.0,164650.0,165990.0,13287644
2024-04-24,네이버,163740.0,164760.0,161610.0,164680.0,16942040
2024-04-25,네이버,164230.0,165560.0,164070.0,164980.0,15950545
2024-04-26,네이버,170530.0,171680.0,168930.0,169970.0,14505577
2024-04-29,네이버,170560.0,171140.0,169570.0,170250.0,13401383
2024-04-30,네이버,170770.0,170830.0,169020.0,170630.0,12865047
2024-05-01,네이버,169340.0,169800.0,166610.0,168120.0,5487345
2024-05-02,네이버,166070.0,168250.0,165480.0,165540.0,18070042
2024-05-03,네이버,164670.0,164710.0,162680.0,164260.0,13152323
2024-05-06,네이버,164450.0,164490.0,164220.0,164360.0,9950331
2024-05-07,네이버,170950.0,171490.0,170320.0,170570.0,9371682
2024-05-08,네이버,164890.0,165260.0,163850.0,164580.0,12397092
2024-05-09,네이버,164710.0,165440.0,164460.0,165250.0,11688794
2024-05-10,네이버,164050.0,164620.0,162850.0,163560.0,8918790
2024-05-13,네이버,158980.0,159980.0,158950.0,159020.0,12933692
2024-05-14,네이버,159560.0,159620.0,159430.0,159440.0,14002636
2024-05-15,네이버,163940.0,165340.0,162090.0,163300.0,18279934
2024-05-16,네이버,164690.0,165600.0,163400.0,164550.0,9912664
2024-05-17,네이버,159120.0,160540.0,158060.0,159300.0,11624558
2024-05-20,네이버,155640.0,158050.0,154960.0,156820.0,10235788
2024-05-21,네이버,157490.0,159670.0,157350.0,158270.0,15681397
2024-05-22,네이버,157870.0,157900.0,156240.0,156600.0,13898883
2024-05-23,네이버,156630.0,156880.0,154540.0,155730.0,17821912
2024-05-24,네이버,151530.0,154330.0,151000.0,151940.0,10626502
2024-05-27,네이버,148580.0,148750.0,147200.0,148140.0,9067314
2024-05-28,네이버,149740.0,150890.0,149410.0,149940.0,12909672
2024-05-29,네이버,148860.0,150220.0,148000.0,149560.0,5981170
2024-05-30,네이버,148930.0,149320.0,148700.0,148850.0,8733891
2024-05-31,네이버,151060.0,151910.0,150190.0,151360.0,12437407
2024-06-03,네이버,145560.0,146280.0,144310.0,145760.0,11565227
2024-06-04,네이버,140770.0,141690.0,140120.0,141000.0,10582931
2024-06-05,네이버,140090.0,140580.0,138930.0,139700.0,13716533
2024-06-06,네이버,138470.0,139260.0,137350.0,138600.0,14005682
2024-06-07,네이버,140280.0,140320.0,139760.0,139950.0,16984196
2024-06-10,네이버,141300.0,141340.0,140580.0,140590.0,8380941
2024-06-11,네이버,138090.0,139520.0,137540.0,138280.0,10248405
2024-06-12,네이버,142010.0,142020.0,140290.0,141700.0,11563416
2024-06-13,네이버,138330.0,138710.0,138300.0,138530.0,17886748
2024-06-14,네이버,138630.0,139300.0,137120.0,137690.0,13032914
2024-06-17,네이버,137870.0,138590.0,137360.0,138400.0,19398064
2024-06-18,네이버,136720.0,137750.0,136050.0,137720.0,9842514
2024-06-19,네이버,136050.0,137200.0,135960.0,136570.0,10594655
2024-06-20,네이버,133270.0,135400.0,132880.0,134380.0,12306550
2024-06-21,네이버,134550.0,134630.0,134290.0,134290.0,11744870
2024-06-24,네이버,133780.0,134210.0,133230.0,133820.0,13463228
2024-06-25,네이버,132980.0,133660.0,132550.0,132830.0,10380648
2024-06-26,네이버,129550.0,130130.0,128830.0,129760.0,8922002
2024-06-27,네이버,130610.0,131830.0,130300.0,131200.0,17723461
2024-06-28,네이버,128790.0,128800.0,128150.0,128570.0,8041854
2024-07-01,네이버,124970.0,126450.0,124210.0,124810.0,15416128
2024-07-02,네이버,126720.0,128270.0,125930.0,126910.0,13211440
2024-07-03,네이버,124820.0,125770.0,124410.0,125640.0,8642414
2024-07-04,네이버,128090.0,128850.0,125770.0,127480.0,11209354
2024-07-05,네이버,124930.0,126130.0,123930.0,124680.0,14925084
2024-07-08,네이버,125450.0,126780.0,124130.0,124820.0,15494584
2024-07-09,네이버,122720.0,122950.0,120890.0,122230.0,18229993
2024-07-10,네이버,120230.0,120310.0,119480.0,119610.0,11587466
2024-07-11,네이버,119960.0,120180.0,118640.0,119480.0,14524105
2024-07-12,네이버,121950.0,122530.0,120960.0,121620.0,21182595
2024-07-15,네이버,122570.0,122780.0,121910.0,122080.0,15186781
2024-07-16,네이버,124250.0,124980.0,124210.0,124470.0,8360555
2024-07-17,네이버,120140.0,120730.0,120120.0,120370.0,9173472
2024-07-18,네이버,119980.0,120380.0,119200.0,119470.0,16890569
2024-07-19,네이버,118720.0,118780.0,118150.0,118180.0,19993529
2024-07-22,네이버,114110.0,114870.0,113820.0,114150.0,0
2024-07-23,네이버,113250.0,113370.0,112070.0,112920.0,11292639
2024-07-24,네이버,112610.0,112660.0,111310.0,111850.0,11443517
2024-07-25,네이버,107400.0,108760.0,106680.0,108110.0,9055666
2024-07-26,네이버,107790.0,108940.0,106930.0,108050.0,3476848
2024-07-29,네이버,108900.0,109480.0,108650.0,108660.0,15254555
2024-07-30,네이버,109960.0,110580.0,109030.0,109900.0,12584609
2024-07-31,네이버,108720.0,108730.0,107980.0,108650.0,11059482
2024-08-01,네이버,107200.0,107350.0,106430.0,107100.0,12728827
2024-08-02,네이버,110940.0,111340.0,109920.0,111060.0,13691959
2024-08-05,네이버,107280.0,107740.0,107180.0,107290.0,7376245
2024-08-06,네이버,107040.0,108190.0,106660.0,107280.0,15499860
2024-08-07,네이버,106460.0,107840.0,106030.0,106810.0,7550714
2024-08-08,네이버,108890.0,109130.0,108790.0,109050.0,12784701
2024-08-09,네이버,110120.0,111510.0,109070.0,110740.0,13279861
2024-08-12,네이버,109710.0,110340.0,107480.0,109100.0,13732141
2024-08-13,네이버,105360.0,105380.0,104740.0,105190.0,14102822
2024-08-14,네이버,104440.0,104920.0,103630.0,104220.0,18926203
2024-08-15,네이버,107350.0,107510.0,106130.0,107000.0,18398587
2024-08-16,네이버,108520.0,109550.0,107330.0,108450.0,14785763
2024-08-19,네이버,110330.0,111470.0,110190.0,110860.0,10361221
2024-08-20,네이버,111060.0,111330.0,109780.0,110440.0,2241402
2024-08-21,네이버,108060.0,108810.0,107830.0,108340.0,10588244
2024-08-22,네이버,105670.0,106870.0,105620.0,105820.0,12505863
2024-08-23,네이버,107670.0,108080.0,106700.0,107280.0,10828997
2024-08-26,네이버,107270.0,107700.0,106220.0,107100.0,11013294
2024-08-27,네이버,107960.0,108380.0,107190.0,107590.0,17303286
2024-08-28,네이버,106080.0,106940.0,105340.0,106500.0,14218656
2024-08-29,네이버,108730.0,109660.0,108080.0,109200.0,20108197
2024-08-30,네이버,109990.0,110780.0,108700.0,109650.0,16531188
2024-09-02,네이버,107660.0,108400.0,107320.0,107770.0,7265059
2024-09-03,네이버,105040.0,105550.0,104190.0,104790.0,17069166
2024-09-04,네이버,102030.0,102500.0,101990.0,102070.0,8822384
2024-09-05,네이버,104150.0,104310.0,102850.0,103860.0,8972397
2024-09-06,네이버,104390.0,105830.0,104190.0,104970.0,15175411
2024-09-09,네이버,99720.0,100730.0,99680.0,100240.0,15420572
2024-09-10,네이버,99900.0,100110.0,99760.0,99950.0,11531745
2024-09-11,네이버,99600.0,100060.0,98990.0,99310.0,7893883
2024-09-12,네이버,100830.0,100840.0,100240.0,100790.0,16144749
2024-09-13,네이버,102110.0,102760.0,101060.0,101580.0,14783138
2024-09-16,네이버,99460.0,100350.0,99280.0,99560.0,9049146
2024-09-17,네이버,99310.0,99580.0,98850.0,99200.0,14392004
2024-09-18,네이버,99790.0,100820.0,99420.0,100430.0,16373276
2024-09-19,네이버,102980.0,103860.0,102690.0,102820.0,16342459
2024-09-20,네이버,107010.0,107630.0,106700.0,107400.0,8584797
2024-09-23,네이버,110450.0,111330.0,110200.0,110720.0,14102109
2024-09-24,네이버,110310.0,110950.0,109710.0,110850.0,10508288
2024-09-25,네이버,107610.0,109330.0,107070.0,107940.0,11729813
2024-09-26,네이버,109010.0,110150.0,108950.0,109290.0,8016118
2024-09-27,네이버,110560.0,111690.0,110130.0,110750.0,17894321
2024-09-30,네이버,112930.0,114220.0,112340.0,113270.0,10604916
2024-10-01,네이버,115930.0,116760.0,115000.0,115040.0,3959922
2024-10-02,네이버,114350.0,115140.0,113040.0,114680.0,11666845
2024-10-03,네이버,113150.0,113530.0,111960.0,112920.0,9915648
2024-10-04,네이버,113320.0,113500.0,111000.0,112840.0,9806692
2024-10-07,네이버,114720.0,115170.0,114400.0,115070.0,12707568
2024-10-08,네이버,114870.0,115290.0,114690.0,114940.0,16363480
2024-10-09,네이버,113770.0,114140.0,112460.0,113220.0,16926684
2024-10-10,네이버,110540.0,110630.0,110000.0,110160.0,11131911
2024-10-11,네이버,111660.0,111900.0,111040.0,111790.0,16690001
2024-10-14,네이버,111790.0,111840.0,111330.0,111590.0,9501175
2024-10-15,네이버,113300.0,113390.0,112000.0,112960.0,12579497
2024-10-16,네이버,113760.0,113890.0,112510.0,113060.0,15253685
2024-10-17,네이버,114790.0,115410.0,114660.0,115050.0,12358854
2024-10-18,네이버,120040.0,121410.0,119550.0,121200.0,20487778
2024-10-21,네이버,121710.0,121950.0,121280.0,121420.0,15161272
2024-10-22,네이버,118610.0,120330.0,118010.0,118120.0,15284545
2024-10-23,네이버,118520.0,119200.0,117040.0,117570.0,8709129
2024-10-24,네이버,115660.0,117400.0,114390.0,115850.0,8679120
2024-10-25,네이버,115190.0,115490.0,114910.0,115340.0,15011633
2024-10-28,네이버,118920.0,119220.0,117340.0,118210.0,7741795
2024-10-29,네이버,118330.0,119210.0,118270.0,118660.0,14127296
2024-10-30,네이버,121150.0,121430.0,120410.0,120970.0,14226741
2024-10-31,네이버,118860.0,119760.0,118500.0,119080.0,14945072
2024-11-01,네이버,119370.0,120290.0,118080.0,119440.0,13658561
2024-11-04,네이버,117980.0,118710.0,117530.0,118490.0,21102736
2024-11-05,네이버,119400.0,119860.0,118590.0,118900.0,15614689
2024-11-06,네이버,117920.0,118540.0,117330.0,117410.0,14427894
2024-11-07,네이버,116110.0,116840.0,115270.0,115650.0,14380605
2024-11-08,네이버,115860.0,116080.0,115800.0,115830.0,11140152
2024-11-11,네이버,116670.0,117680.0,115690.0,117090.0,13865465
2024-11-12,네이버,118790.0,119920.0,118410.0,119500.0,13097236
2024-11-13,네이버,118470.0,119300.0,117960.0,118310.0,12320305
2024-11-14,네이버,120140.0,120890.0,118750.0,120000.0,16005831
2024-11-15,네이버,122560.0,124170.0,122290.0,122770.0,19533443
2024-11-18,네이버,119320.0,119820.0,119180.0,119480.0,11826379
2024-11-19,네이버,117380.0,117620.0,116820.0,117010.0,12246903
2024-11-20,네이버,118020.0,118840.0,116740.0,117620.0,8892909
2024-11-21,네이버,114710.0,115700.0,113820.0,115630.0,3543712
2024-11-22,네이버,113940.0,114180.0,113580.0,114080.0,11092709
2024-11-25,네이버,116660.0,117250.0,116050.0,116350.0,15149778
2024-11-26,네이버,114370.0,115370.0,114220.0,114720.0,12907345
2024-11-27,네이버,114270.0,115800.0,113360.0,114810.0,3017176
2024-11-28,네이버,114110.0,115180.0,114020.0,114450.0,9479872
2024-11-29,네이버,115480.0,115560.0,114160.0,115370.0,11457269
2024-12-02,네이버,113240.0,113420.0,112960.0,113120.0,11519266
2024-12-03,네이버,112610.0,112720.0,112540.0,112680.0,12003044
2024-12-04,네이버,115770.0,116710.0,115610.0,116040.0,5620558
2024-12-05,네이버,114140.0,114860.0,113070.0,113900.0,17236905
2024-12-06,네이버,113690.0,113980.0,112240.0,113130.0,16591043
2024-12-09,네이버,107430.0,107560.0,106670.0,107300.0,10226730
2024-12-10,네이버,109710.0,110320.0,109400.0,109990.0,17861441
2024-12-11,네이버,109820.0,110020.0,108900.0,109280.0,6803251
2024-12-12,네이버,111540.0,111890.0,110920.0,111200.0,17565301
2024-12-13,네이버,111140.0,112490.0,110840.0,112140.0,5923601
2024-12-16,네이버,110530.0,111840.0,109870.0,110730.0,16973550
2024-12-17,네이버,110280.0,111700.0,110000.0,110900.0,10647784
2024-12-18,네이버,111160.0,112640.0,110410.0,111730.0,16449465
2024-12-19,네이버,109030.0,109790.0,108270.0,109200.0,17214620
2024-12-20,네이버,110800.0,111420.0,110580.0,111070.0,19785557
2024-12-23,네이버,107540.0,108010.0,106980.0,107370.0,9800109
2024-12-24,네이버,104180.0,104300.0,103400.0,103820.0,11225655
2024-12-25,네이버,105000.0,106810.0,104890.0,105090.0,18865761
2024-12-26,네이버,104430.0,104970.0,104180.0,104960.0,15725608
2024-12-27,네이버,102930.0,103040.0,102370.0,102980.0,11770152
2024-12-30,네이버,102220.0,102730.0,101920.0,102400.0,19156348
2024-12-31,네이버,101680.0,102040.0,101470.0,101630.0,14308122
2024-01-02,카카오,47920.0,48150.0,47910.0,48020.0,6346741
2024-01-03,카카오,48590.0,49380.0,47820.0,49060.0,4306415
2024-01-04,카카오,47220.0,47590.0,46720.0,47490.0,6048469
2024-01-05,카카오,47030.0,47050.0,46640.0,46980.0,1746738
2024-01-08,카카오,48530.0,48940.0,48330.0,48700.0,6184347
2024-01-09,카카오,48990.0,49150.0,48690.0,48850.0,6097402
2024-01-10,카카오,49490.0,49600.0,49220.0,49430.0,6642383
2024-01-11,카카오,50910.0,51140.0,50810.0,50930.0,2690497
2024-01-12,카카오,52210.0,52420.0,51810.0,51950.0,5791628
2024-01-15,카카오,51440.0,51870.0,51230.0,51420.0,7236642
2024-01-16,카카오,50950.0,51620.0,50830.0,51480.0,5892925
2024-01-17,카카오,52460.0,52850.0,52160.0,52590.0,5741398
2024-01-18,카카오,52930.0,53470.0,52650.0,53430.0,8350331
2024-01-19,카카오,51830.0,52890.0,51710.0,52340.0,7642166
2024-01-22,카카오,51680.0,52160.0,51050.0,51820.0,6126268
2024-01-23,카카오,51720.0,51900.0,51630.0,51650.0,7253958
2024-01-24,카카오,50600.0,51140.0,50420.0,50580.0,7509507
2024-01-25,카카오,49520.0,49710.0,49060.0,49440.0,4475307
2024-01-26,카카오,49090.0,49250.0,48840.0,49120.0,8478621
2024-01-29,카카오,49720.0,49810.0,49330.0,49490.0,8220165
2024-01-30,카카오,49120.0,49470.0,48850.0,49020.0,7245256
2024-01-31,카카오,49220.0,49220.0,48880.0,49080.0,8493630
2024-02-01,카카오,50150.0,50910.0,49760.0,50430.0,5532575
2024-02-02,카카오,47410.0,47620.0,47240.0,47430.0,7683258
2024-02-05,카카오,45880.0,46070.0,45630.0,45930.0,5713457
2024-02-06,카카오,44950.0,45330.0,44680.0,45200.0,7235100
2024-02-07,카카오,45300.0,45620.0,45230.0,45380.0,6620791
2024-02-08,카카오,45290.0,45410.0,44850.0,45130.0,6463820
2024-02-09,카카오,44790.0,44840.0,44560.0,44690.0,7228137
2024-02-12,카카오,44790.0,45090.0,44620.0,44690.0,7746315
2024-02-13,카카오,45330.0,45520.0,44860.0,45120.0,9734461
2024-02-14,카카오,46770.0,47170.0,46070.0,46450.0,6239060
2024-02-15,카카오,46500.0,46850.0,46230.0,46530.0,5102630
2024-02-16,카카오,47610.0,47810.0,47380.0,47440.0,10057625
2024-02-19,카카오,47420.0,47650.0,47250.0,47360.0,7254815
2024-02-20,카카오,47880.0,48210.0,47430.0,47630.0,9916718
2024-02-21,카카오,46130.0,46320.0,46080.0,46280.0,7140165
2024-02-22,카카오,46140.0,46450.0,46080.0,46160.0,7616793
2024-02-23,카카오,47160.0,47520.0,46870.0,47000.0,4692266
2024-02-26,카카오,47020.0,47100.0,46380.0,47030.0,7829492
2024-02-27,카카오,47570.0,47930.0,47260.0,47350.0,8382590
2024-02-28,카카오,44940.0,45200.0,44780.0,45040.0,11480655
2024-02-29,카카오,43810.0,43820.0,43570.0,43750.0,3977889
2024-03-01,카카오,44530.0,44870.0,44340.0,44500.0,3391660
2024-03-04,카카오,44510.0,44580.0,44080.0,44350.0,7811854
2024-03-05,카카오,45180.0,45350.0,44780.0,45040.0,5720492
2024-03-06,카카오,46360.0,46630.0,46110.0,46240.0,6489514
2024-03-07,카카오,46320.0,46790.0,45520.0,46490.0,6477877
2024-03-08,카카오,47610.0,47870.0,47040.0,47840.0,5682744
2024-03-11,카카오,48700.0,49020.0,48450.0,48450.0,5497518
2024-03-12,카카오,48900.0,48920.0,48690.0,48860.0,6857087
2024-03-13,카카오,48020.0,48380.0,47660.0,47790.0,5689819
2024-03-14,카카오,47230.0,47740.0,47080.0,47610.0,5358111
2024-03-15,카카오,47610.0,47690.0,47400.0,47620.0,7642448
2024-03-18,카카오,48050.0,48310.0,47820.0,47880.0,9588439
2024-03-19,카카오,47670.0,47920.0,47430.0,47760.0,3478971
2024-03-20,카카오,46220.0,46240.0,45630.0,46210.0,4812635
2024-03-21,카카오,47000.0,47040.0,46520.0,46790.0,7078879
2024-03-22,카카오,46250.0,46260.0,45800.0,46030.0,7140480
2024-03-25,카카오,48160.0,48370.0,47700.0,47970.0,6662822
2024-03-26,카카오,49450.0,49480.0,49060.0,49080.0,6668606
2024-03-27,카카오,49400.0,49780.0,49160.0,49450.0,7908737
2024-03-28,카카오,49170.0,49300.0,48930.0,48980.0,6080466
2024-03-29,카카오,49720.0,49980.0,49500.0,49930.0,11109264
2024-04-01,카카오,49800.0,49850.0,49460.0,49850.0,11185217
2024-04-02,카카오,50890.0,51210.0,50640.0,51030.0,6235810
2024-04-03,카카오,51080.0,51290.0,50780.0,51250.0,3714968
2024-04-04,카카오,52490.0,52600.0,51550.0,52010.0,3757117
2024-04-05,카카오,51910.0,52090.0,51460.0,51840.0,5156923
2024-04-08,카카오,50330.0,50630.0,50320.0,50600.0,5412289
2024-04-09,카카오,50510.0,50800.0,50400.0,50670.0,4957887
2024-04-10,카카오,48680.0,49320.0,48550.0,48940.0,7241435
2024-04-11,카카오,49020.0,49110.0,48710.0,49040.0,8609559
2024-04-12,카카오,50270.0,50480.0,50250.0,50260.0,5160667
2024-04-15,카카오,48660.0,49150.0,48520.0,48850.0,5502293
2024-04-16,카카오,49560.0,49830.0,49290.0,49470.0,6486656
2024-04-17,카카오,49700.0,49950.0,49560.0,49650.0,4649455
2024-04-18,카카오,50050.0,50170.0,49590.0,49870.0,12684732
2024-04-19,카카오,49510.0,49990.0,49050.0,49430.0,5546572
2024-04-22,카카오,48420.0,48780.0,47800.0,48260.0,7416171
2024-04-23,카카오,49660.0,49740.0,49210.0,49470.0,8006187
2024-04-24,카카오,49240.0,49870.0,48930.0,49420.0,8030060
2024-04-25,카카오,49380.0,49500.0,48920.0,49430.0,2643995
2024-04-26,카카오,49900.0,49930.0,49590.0,49750.0,3303820
2024-04-29,카카오,49890.0,50110.0,49860.0,50040.0,8277316
2024-04-30,카카오,50240.0,50530.0,50160.0,50400.0,10748735
2024-05-01,카카오,51820.0,51840.0,51510.0,51720.0,5434187
2024-05-02,카카오,53840.0,54010.0,53510.0,53690.0,10087750
2024-05-03,카카오,55180.0,56080.0,54780.0,55290.0,5609215
2024-05-06,카카오,54320.0,54510.0,53820.0,54410.0,7493006
2024-05-07,카카오,54450.0,54720.0,54280.0,54560.0,5175584
2024-05-08,카카오,54590.0,55020.0,54130.0,54710.0,8766964
2024-05-09,카카오,54380.0,54680.0,54340.0,54490.0,6558587
2024-05-10,카카오,54410.0,54970.0,53910.0,54460.0,6869356
2024-05-13,카카오,54440.0,54670.0,54220.0,54230.0,9366868
2024-05-14,카카오,54610.0,55250.0,54280.0,54370.0,5910708
2024-05-15,카카오,55270.0,55580.0,54950.0,55310.0,6242549
2024-05-16,카카오,54380.0,55100.0,54320.0,54610.0,6316118
2024-05-17,카카오,54580.0,55150.0,53940.0,54360.0,5228534
2024-05-20,카카오,53100.0,53490.0,52740.0,53370.0,5051484
2024-05-21,카카오,52250.0,53030.0,51980.0,52680.0,5014980
2024-05-22,카카오,53890.0,54030.0,53230.0,53770.0,6382286
2024-05-23,카카오,52900.0,53140.0,52860.0,53080.0,5408293
2024-05-24,카카오,54080.0,54700.0,53980.0,54370.0,7965629
2024-05-27,카카오,54510.0,55130.0,53900.0,54130.0,5308360
2024-05-28,카카오,54050.0,54500.0,53450.0,54380.0,8069713
2024-05-29,카카오,54940.0,55180.0,54340.0,55040.0,7913784
2024-05-30,카카오,54790.0,54940.0,54630.0,54680.0,7358617
2024-05-31,카카오,55090.0,55740.0,54250.0,54790.0,2964793
2024-06-03,카카오,55950.0,56110.0,55400.0,55770.0,11551120
2024-06-04,카카오,56470.0,57060.0,55940.0,56520.0,5441364
2024-06-05,카카오,57740.0,57940.0,57330.0,57650.0,3814906
2024-06-06,카카오,56730.0,56910.0,56690.0,56860.0,6702117
2024-06-07,카카오,57200.0,57210.0,57040.0,57110.0,8055954
2024-06-10,카카오,55840.0,56400.0,55660.0,56350.0,8623717
2024-06-11,카카오,55910.0,56410.0,55600.0,55740.0,7366291
2024-06-12,카카오,56130.0,56210.0,55820.0,55920.0,4295534
2024-06-13,카카오,55860.0,56240.0,55290.0,55990.0,4737712
2024-06-14,카카오,55660.0,56020.0,55430.0,55800.0,9179058
2024-06-17,카카오,55510.0,55730.0,55210.0,55690.0,5692220
2024-06-18,카카오,57080.0,57450.0,56850.0,57200.0,6795416
2024-06-19,카카오,56400.0,56720.0,56290.0,56420.0,9365751
2024-06-20,카카오,56140.0,56320.0,55650.0,55940.0,3450191
2024-06-21,카카오,54760.0,55130.0,54540.0,54790.0,4342116
2024-06-24,카카오,54850.0,55130.0,54670.0,54920.0,8522622
2024-06-25,카카오,55190.0,55250.0,54640.0,55080.0,5071226
2024-06-26,카카오,55780.0,56330.0,55640.0,56020.0,9336918
2024-06-27,카카오,55970.0,56360.0,55280.0,56080.0,3354923
2024-06-28,카카오,57270.0,57700.0,56870.0,57280.0,10355634
2024-07-01,카카오,57450.0,57610.0,56270.0,57290.0,7971386
2024-07-02,카카오,57520.0,58410.0,56880.0,57710.0,8887426
2024-07-03,카카오,57010.0,57500.0,56640.0,56820.0,5595303
2024-07-04,카카오,57860.0,58260.0,57300.0,57830.0,11118941
2024-07-05,카카오,57770.0,58250.0,56830.0,57470.0,4311992
2024-07-08,카카오,57370.0,58010.0,56970.0,57020.0,5627746
2024-07-09,카카오,56760.0,57630.0,56520.0,57150.0,9828456
2024-07-10,카카오,56060.0,56240.0,55860.0,56110.0,4452377
2024-07-11,카카오,55620.0,56180.0,55540.0,55870.0,8739561
2024-07-12,카카오,54730.0,55080.0,54550.0,54580.0,12559567
2024-07-15,카카오,55710.0,55780.0,55150.0,55210.0,3246347
2024-07-16,카카오,56160.0,56490.0,55960.0,56420.0,8622633
2024-07-17,카카오,55330.0,55360.0,54700.0,55230.0,7298601
2024-07-18,카카오,52590.0,52740.0,52310.0,52730.0,8389089
2024-07-19,카카오,52820.0,52880.0,51910.0,52320.0,4540009
2024-07-22,카카오,52390.0,52400.0,52190.0,52280.0,5347466
2024-07-23,카카오,50430.0,51640.0,50110.0,50810.0,4844955
2024-07-24,카카오,51080.0,51180.0,50310.0,50870.0,8004276
2024-07-25,카카오,51150.0,51170.0,50630.0,50860.0,6260867
2024-07-26,카카오,51960.0,52340.0,51910.0,51940.0,4820858
2024-07-29,카카오,51080.0,51160.0,50540.0,50800.0,6389820
2024-07-30,카카오,51840.0,52430.0,51480.0,51560.0,4155790
2024-07-31,카카오,51240.0,51300.0,51050.0,51100.0,9473504
2024-08-01,카카오,50890.0,51210.0,50880.0,51130.0,4577281
2024-08-02,카카오,51040.0,51330.0,50390.0,51030.0,6865248
2024-08-05,카카오,52690.0,53230.0,52390.0,52590.0,9723129
2024-08-06,카카오,53270.0,53680.0,53130.0,53600.0,8847711
2024-08-07,카카오,52160.0,52480.0,51780.0,52260.0,6065740
2024-08-08,카카오,52980.0,53120.0,52550.0,52870.0,8986708
2024-08-09,카카오,51420.0,51530.0,51180.0,51390.0,5094891
2024-08-12,카카오,49900.0,50130.0,49590.0,49910.0,6476872
2024-08-13,카카오,49590.0,49920.0,49540.0,49610.0,4406492
2024-08-14,카카오,50560.0,51100.0,50360.0,50490.0,6756687
2024-08-15,카카오,51450.0,51890.0,50680.0,50930.0,2339039
2024-08-16,카카오,52620.0,53320.0,52030.0,52230.0,8645162
2024-08-19,카카오,53330.0,53550.0,53030.0,53120.0,3601125
2024-08-20,카카오,52530.0,52910.0,52440.0,52670.0,8440039
2024-08-21,카카오,51940.0,52900.0,51780.0,52120.0,3694907
2024-08-22,카카오,51720.0,51860.0,51470.0,51660.0,7709802
2024-08-23,카카오,50890.0,51280.0,50690.0,51040.0,11699816
2024-08-26,카카오,53630.0,54100.0,52790.0,52970.0,4925696
2024-08-27,카카오,54290.0,54560.0,53090.0,54070.0,4757799
2024-08-28,카카오,56270.0,56680.0,55370.0,55850.0,6306306
2024-08-29,카카오,55090.0,55350.0,54880.0,54940.0,7313153
2024-08-30,카카오,53690.0,54220.0,53580.0,53730.0,6512623
2024-09-02,카카오,52980.0,53150.0,52960.0,53060.0,5635843
2024-09-03,카카오,53470.0,53680.0,52670.0,53340.0,5498252
2024-09-04,카카오,52510.0,53410.0,52120.0,52800.0,4542627
2024-09-05,카카오,54710.0,55050.0,54620.0,54630.0,2615063
2024-09-06,카카오,57130.0,57650.0,56520.0,56770.0,2955177
2024-09-09,카카오,56560.0,57160.0,56050.0,56930.0,4548629
2024-09-10,카카오,57300.0,57920.0,57000.0,57460.0,6596615
2024-09-11,카카오,58700.0,59110.0,58670.0,58680.0,4495995
2024-09-12,카카오,59890.0,60050.0,59600.0,59740.0,7290090
2024-09-13,카카오,60210.0,60260.0,60180.0,60180.0,5997835
2024-09-16,카카오,60430.0,61040.0,60140.0,60180.0,7601035
2024-09-17,카카오,60130.0,60520.0,59710.0,60290.0,5060360
2024-09-18,카카오,59180.0,59500.0,58930.0,59470.0,5854821
2024-09-19,카카오,58890.0,59070.0,58190.0,58890.0,6850598
2024-09-20,카카오,59220.0,59310.0,58560.0,59010.0,9267354
2024-09-23,카카오,57750.0,58210.0,57150.0,57710.0,4958481
2024-09-24,카카오,57430.0,57700.0,57040.0,57230.0,6881180
2024-09-25,카카오,57620.0,57680.0,57140.0,57420.0,9529012
2024-09-26,카카오,56520.0,57010.0,56370.0,56700.0,6535410
2024-09-27,카카오,55290.0,55840.0,55090.0,55600.0,6137391
2024-09-30,카카오,54580.0,55430.0,54440.0,55140.0,7543512
2024-10-01,카카오,55580.0,56230.0,55470.0,55510.0,5784848
2024-10-02,카카오,54900.0,55180.0,54670.0,55090.0,6935977
2024-10-03,카카오,55600.0,55690.0,55010.0,55360.0,9027371
2024-10-04,카카오,55680.0,56470.0,55440.0,55860.0,7328987
2024-10-07,카카오,56970.0,56990.0,55940.0,56360.0,8019255
2024-10-08,카카오,55330.0,55810.0,54950.0,55490.0,7050524
2024-10-09,카카오,54730.0,54980.0,54570.0,54900.0,5361622
2024-10-10,카카오,54540.0,55110.0,54450.0,54620.0,9998063
2024-10-11,카카오,56200.0,56470.0,55520.0,55680.0,6870177
2024-10-14,카카오,56100.0,56930.0,56020.0,56370.0,4010561
2024-10-15,카카오,56600.0,56900.0,56270.0,56680.0,5336684
2024-10-16,카카오,54900.0,55220.0,54690.0,54970.0,4127939
2024-10-17,카카오,55410.0,56030.0,55110.0,55600.0,6979045
2024-10-18,카카오,55530.0,55720.0,55350.0,55470.0,7760056
2024-10-21,카카오,55140.0,55220.0,54720.0,54940.0,7417461
2024-10-22,카카오,54660.0,54720.0,54380.0,54380.0,5964069
2024-10-23,카카오,55950.0,56040.0,55260.0,55780.0,7073111
2024-10-24,카카오,54450.0,54740.0,54230.0,54650.0,7363212
2024-10-25,카카오,55190.0,55460.0,54900.0,54980.0,8363897
2024-10-28,카카오,55020.0,55150.0,54870.0,55040.0,6940079
2024-10-29,카카오,55920.0,56170.0,55490.0,56040.0,4940058
2024-10-30,카카오,57080.0,57130.0,56560.0,57080.0,7513734
2024-10-31,카카오,57750.0,58030.0,57690.0,57940.0,6278282
2024-11-01,카카오,60020.0,60240.0,59960.0,60140.0,7447306
2024-11-04,카카오,60220.0,60580.0,60070.0,60140.0,6241422
2024-11-05,카카오,60820.0,61450.0,60810.0,61180.0,790760
2024-11-06,카카오,61290.0,61340.0,60840.0,61300.0,8651275
2024-11-07,카카오,64020.0,64440.0,63430.0,63800.0,12342893
2024-11-08,카카오,64030.0,64440.0,63890.0,64410.0,4371024
2024-11-11,카카오,65100.0,66150.0,64140.0,64990.0,9918701
2024-11-12,카카오,64290.0,65040.0,64120.0,64510.0,7890180
2024-11-13,카카오,64140.0,64700.0,64040.0,64330.0,2479321
2024-11-14,카카오,65680.0,65900.0,65430.0,65650.0,5789051
2024-11-15,카카오,68310.0,68640.0,68130.0,68410.0,6253555
2024-11-18,카카오,66690.0,66990.0,66010.0,66900.0,8069334
2024-11-19,카카오,66020.0,66320.0,65070.0,65550.0,4826902
2024-11-20,카카오,65560.0,65860.0,65470.0,65640.0,3193635
2024-11-21,카카오,67330.0,67910.0,66680.0,67350.0,7497093
2024-11-22,카카오,68050.0,69000.0,67290.0,67830.0,5683561
2024-11-25,카카오,67310.0,67340.0,66820.0,67230.0,9543193
2024-11-26,카카오,67460.0,67780.0,67050.0,67430.0,8049645
2024-11-27,카카오,66760.0,66790.0,66360.0,66680.0,4977639
2024-11-28,카카오,68200.0,68650.0,68070.0,68280.0,4546612
2024-11-29,카카오,70240.0,70440.0,69450.0,70040.0,7406539
2024-12-02,카카오,71650.0,72200.0,70550.0,71090.0,7981742
2024-12-03,카카오,73710.0,73810.0,73040.0,73570.0,7041197
2024-12-04,카카오,75030.0,75490.0,73880.0,74790.0,3543095
2024-12-05,카카오,70620.0,71100.0,69940.0,70810.0,7254805
2024-12-06,카카오,69650.0,70670.0,69130.0,69680.0,6314289
2024-12-09,카카오,69160.0,69730.0,68860.0,69570.0,5582595
2024-12-10,카카오,68400.0,69150.0,68290.0,68700.0,7792103
2024-12-11,카카오,66230.0,66520.0,65790.0,66470.0,9430066
2024-12-12,카카오,65880.0,66460.0,64990.0,65730.0,7732183
2024-12-13,카카오,63980.0,64370.0,63860.0,64230.0,8636660
2024-12-16,카카오,64330.0,64620.0,63860.0,64440.0,8218629
2024-12-17,카카오,66490.0,67020.0,65880.0,66190.0,9181593
2024-12-18,카카오,66270.0,66480.0,65700.0,65960.0,4919792
2024-12-19,카카오,66290.0,66730.0,65900.0,66190.0,4318978
2024-12-20,카카오,67390.0,67920.0,66920.0,67380.0,4541010
2024-12-23,카카오,68710.0,69000.0,68170.0,68450.0,5365690
2024-12-24,카카오,69820.0,70360.0,69180.0,69390.0,7971857
2024-12-25,카카오,69390.0,70500.0,69230.0,69580.0,6747679
2024-12-26,카카오,69120.0,69490.0,68680.0,69140.0,6621788
2024-12-27,카카오,68140.0,68650.0,67910.0,68260.0,6000972
2024-12-30,카카오,67290.0,67490.0,66760.0,67020.0,4578331
2024-12-31,카카오,67890.0,68390.0,67830.0,68080.0,7307211
2024-01-02,삼성SDI,419090.0,419250.0,412870.0,416450.0,11250246
2024-01-03,삼성SDI,405560.0,407220.0,403290.0,405430.0,15609782
2024-01-04,삼성SDI,396690.0,402290.0,395730.0,398770.0,16570471
2024-01-05,삼성SDI,409180.0,410380.0,402520.0,404470.0,18760923
2024-01-08,삼성SDI,407550.0,409330.0,404190.0,404670.0,5671989
2024-01-09,삼성SDI,388240.0,391250.0,384940.0,389420.0,14206769
2024-01-10,삼성SDI,379600.0,383480.0,378710.0,380750.0,16707969
2024-01-11,삼성SDI,370220.0,371350.0,369320.0,369810.0,15626672
2024-01-12,삼성SDI,367650.0,368890.0,365050.0,367840.0,10393614
2024-01-15,삼성SDI,369680.0,374760.0,366650.0,368900.0,9796827
2024-01-16,삼성SDI,371290.0,374100.0,368940.0,370400.0,9993000
2024-01-17,삼성SDI,374710.0,376520.0,373810.0,375190.0,16883209
2024-01-18,삼성SDI,378420.0,379470.0,377050.0,378950.0,8389942
2024-01-19,삼성SDI,378460.0,378700.0,375250.0,376370.0,5517332
2024-01-22,삼성SDI,389820.0,390410.0,386410.0,388330.0,8731884
2024-01-23,삼성SDI,397880.0,399440.0,392130.0,397160.0,15018537
2024-01-24,삼성SDI,401720.0,403560.0,400510.0,401530.0,8633290
2024-01-25,삼성SDI,390450.0,393790.0,390340.0,391430.0,11325945
2024-01-26,삼성SDI,396050.0,396650.0,393410.0,395850.0,13435034
2024-01-29,삼성SDI,400160.0,402190.0,399320.0,399810.0,17011124
2024-01-30,삼성SDI,396090.0,397800.0,393880.0,396450.0,19184054
2024-01-31,삼성SDI,398660.0,400080.0,397620.0,399150.0,12023725
2024-02-01,삼성SDI,408350.0,411260.0,405430.0,406180.0,9626961
2024-02-02,삼성SDI,397340.0,401770.0,396750.0,398500.0,7914789
2024-02-05,삼성SDI,387840.0,391080.0,384850.0,386590.0,14489596
2024-02-06,삼성SDI,385550.0,387770.0,384680.0,387000.0,16107473
2024-02-07,삼성SDI,379700.0,382030.0,377280.0,381900.0,20444539
2024-02-08,삼성SDI,384250.0,385360.0,377020.0,380730.0,17766685
2024-02-09,삼성SDI,388100.0,388790.0,384950.0,386870.0,14358730
2024-02-12,삼성SDI,383560.0,384330.0,381690.0,382840.0,14374870
2024-02-13,삼성SDI,383620.0,386430.0,382160.0,384640.0,11317777
2024-02-14,삼성SDI,388600.0,388820.0,385300.0,386110.0,20279119
2024-02-15,삼성SDI,384240.0,384330.0,383570.0,383940.0,13598617
2024-02-16,삼성SDI,381460.0,383470.0,377680.0,381860.0,13536215
2024-02-19,삼성SDI,385570.0,389570.0,383240.0,387350.0,20219410
2024-02-20,삼성SDI,380020.0,380300.0,377390.0,379920.0,8387332
2024-02-21,삼성SDI,375600.0,375890.0,370820.0,372820.0,12244385
2024-02-22,삼성SDI,372100.0,374720.0,370520.0,372070.0,6808607
2024-02-23,삼성SDI,374500.0,383350.0,374100.0,377360.0,11448141
2024-02-26,삼성SDI,378530.0,382720.0,375120.0,379020.0,6379290
2024-02-27,삼성SDI,381310.0,381930.0,377470.0,379280.0,12877034
2024-02-28,삼성SDI,378890.0,380580.0,377780.0,378400.0,18162985
2024-02-29,삼성SDI,387040.0,391210.0,383860.0,385300.0,12533966
2024-03-01,삼성SDI,388860.0,394880.0,387540.0,387990.0,8278509
2024-03-04,삼성SDI,382880.0,385910.0,381810.0,382890.0,14363713
2024-03-05,삼성SDI,378100.0,382010.0,375420.0,378130.0,15050154
2024-03-06,삼성SDI,383940.0,387950.0,379520.0,385150.0,11716695
2024-03-07,삼성SDI,383260.0,386650.0,382930.0,385680.0,15961843
2024-03-08,삼성SDI,378500.0,380010.0,378130.0,378200.0,14457971
2024-03-11,삼성SDI,365910.0,369160.0,365300.0,367180.0,10837299
2024-03-12,삼성SDI,378650.0,379970.0,377780.0,378460.0,8182601
2024-03-13,삼성SDI,384360.0,384720.0,383050.0,384690.0,9784038
2024-03-14,삼성SDI,384370.0,385360.0,381790.0,384850.0,10554378
2024-03-15,삼성SDI,389870.0,390550.0,383470.0,386160.0,15764881
2024-03-18,삼성SDI,383970.0,385440.0,380690.0,383910.0,9321544
2024-03-19,삼성SDI,393190.0,395270.0,392420.0,394010.0,18246654
2024-03-20,삼성SDI,397100.0,398960.0,393850.0,396020.0,18236589
2024-03-21,삼성SDI,394230.0,396180.0,389680.0,392210.0,10869307
2024-03-22,삼성SDI,384780.0,388480.0,382040.0,387700.0,15096021
2024-03-25,삼성SDI,376580.0,378530.0,376110.0,377130.0,7183166
2024-03-26,삼성SDI,381490.0,384250.0,375160.0,378970.0,18259559
2024-03-27,삼성SDI,381550.0,383170.0,378180.0,378850.0,15267432
2024-03-28,삼성SDI,377050.0,379630.0,375990.0,377170.0,9281756
2024-03-29,삼성SDI,387580.0,388620.0,384570.0,385980.0,18640928
2024-04-01,삼성SDI,388450.0,389730.0,385640.0,387590.0,20189420
2024-04-02,삼성SDI,365640.0,366290.0,364250.0,365850.0,16097762
2024-04-03,삼성SDI,374290.0,374550.0,371710.0,371890.0,16373401
2024-04-04,삼성SDI,375050.0,378510.0,374320.0,376150.0,9640876
2024-04-05,삼성SDI,380260.0,381760.0,375390.0,379600.0,19657615
2024-04-08,삼성SDI,373570.0,374710.0,372620.0,373860.0,15091451
2024-04-09,삼성SDI,364790.0,368540.0,364370.0,365430.0,7552166
2024-04-10,삼성SDI,371070.0,374610.0,363270.0,369160.0,7726995
2024-04-11,삼성SDI,363630.0,364370.0,361090.0,363730.0,9141840
2024-04-12,삼성SDI,367020.0,367240.0,363930.0,365350.0,7663136
2024-04-15,삼성SDI,378780.0,380650.0,375620.0,377530.0,14043647
2024-04-16,삼성SDI,381750.0,382910.0,376120.0,379790.0,19512882
2024-04-17,삼성SDI,376090.0,380870.0,373920.0,376550.0,11742854
2024-04-18,삼성SDI,380870.0,381790.0,377170.0,379180.0,14267698
2024-04-19,삼성SDI,374470.0,377180.0,373560.0,373770.0,11968954
2024-04-22,삼성SDI,376190.0,380490.0,375190.0,376760.0,15909872
2024-04-23,삼성SDI,374320.0,378440.0,371880.0,374490.0,9596250
2024-04-24,삼성SDI,372100.0,374090.0,370710.0,370990.0,8246531
2024-04-25,삼성SDI,361840.0,363490.0,360780.0,362070.0,22184201
2024-04-26,삼성SDI,353910.0,357930.0,352730.0,353230.0,16150832
2024-04-29,삼성SDI,348210.0,349600.0,343780.0,345960.0,16225106
2024-04-30,삼성SDI,339110.0,343390.0,338590.0,340660.0,15727228
2024-05-01,삼성SDI,354600.0,357250.0,353520.0,353730.0,16384622
2024-05-02,삼성SDI,358040.0,360840.0,356740.0,358900.0,17833663
2024-05-03,삼성SDI,360800.0,366760.0,358600.0,361740.0,14142745
2024-05-06,삼성SDI,361030.0,364100.0,359630.0,363770.0,17640384
2024-05-07,삼성SDI,363070.0,363920.0,362680.0,363060.0,13003156
2024-05-08,삼성SDI,362530.0,362950.0,361920.0,362140.0,9106368
2024-05-09,삼성SDI,359730.0,360620.0,358490.0,359200.0,13591823
2024-05-10,삼성SDI,373060.0,375890.0,369580.0,371820.0,15287406
2024-05-13,삼성SDI,365230.0,366130.0,363000.0,363840.0,15885146
2024-05-14,삼성SDI,353230.0,356310.0,351990.0,351990.0,13196542
2024-05-15,삼성SDI,348950.0,352400.0,348020.0,350550.0,14458637
2024-05-16,삼성SDI,354960.0,359150.0,352410.0,354480.0,9603225
2024-05-17,삼성SDI,344680.0,345670.0,342250.0,344110.0,11140459
2024-05-20,삼성SDI,335800.0,337960.0,333530.0,337220.0,13237003
2024-05-21,삼성SDI,338430.0,339260.0,336170.0,336200.0,14150349
2024-05-22,삼성SDI,331700.0,334720.0,327880.0,333660.0,17642868
2024-05-23,삼성SDI,349850.0,350350.0,347880.0,347910.0,15785425
2024-05-24,삼성SDI,350700.0,351970.0,348510.0,349180.0,12087784
2024-05-27,삼성SDI,351440.0,354580.0,349810.0,353320.0,10353964
2024-05-28,삼성SDI,363520.0,364310.0,361800.0,363910.0,16435765
2024-05-29,삼성SDI,362190.0,362850.0,356310.0,360390.0,13069825
2024-05-30,삼성SDI,343160.0,346060.0,341770.0,343280.0,16602031
2024-05-31,삼성SDI,335780.0,338810.0,334920.0,335910.0,9806904
2024-06-03,삼성SDI,337570.0,338900.0,335350.0,336260.0,21481815
2024-06-04,삼성SDI,339750.0,342540.0,337850.0,342500.0,8200421
2024-06-05,삼성SDI,341660.0,341950.0,341220.0,341680.0,9956037
2024-06-06,삼성SDI,337730.0,342210.0,334480.0,339440.0,21705750
2024-06-07,삼성SDI,346720.0,352880.0,340420.0,344920.0,9259476
2024-06-10,삼성SDI,346730.0,348100.0,345660.0,346970.0,11156831
2024-06-11,삼성SDI,341390.0,345020.0,339870.0,343970.0,10894534
2024-06-12,삼성SDI,348210.0,349150.0,342320.0,347840.0,13482065
2024-06-13,삼성SDI,345000.0,349170.0,343410.0,345640.0,10726246
2024-06-14,삼성SDI,349760.0,352310.0,349430.0,351300.0,7092723
2024-06-17,삼성SDI,356190.0,359870.0,354240.0,357730.0,11423060
2024-06-18,삼성SDI,357530.0,359880.0,356680.0,358280.0,14679032
2024-06-19,삼성SDI,359350.0,363370.0,357910.0,362210.0,15120158
2024-06-20,삼성SDI,362970.0,366050.0,359070.0,364130.0,17897664
2024-06-21,삼성SDI,360730.0,363590.0,358410.0,362330.0,14180148
2024-06-24,삼성SDI,361480.0,362240.0,360140.0,361840.0,15190922
2024-06-25,삼성SDI,364110.0,364990.0,360700.0,362600.0,16303291
2024-06-26,삼성SDI,369190.0,373630.0,365670.0,367970.0,20096890
2024-06-27,삼성SDI,371590.0,373490.0,370630.0,372090.0,18604371
2024-06-28,삼성SDI,368890.0,371130.0,368600.0,369600.0,19931714
2024-07-01,삼성SDI,382360.0,382530.0,381350.0,381440.0,12994454
2024-07-02,삼성SDI,385460.0,386940.0,381760.0,386870.0,10836510
2024-07-03,삼성SDI,386820.0,388660.0,385270.0,387310.0,17251848
2024-07-04,삼성SDI,370940.0,372830.0,370030.0,370640.0,8620309
2024-07-05,삼성SDI,377660.0,380660.0,375120.0,378180.0,17363200
2024-07-08,삼성SDI,367270.0,368940.0,364970.0,367510.0,9487810
2024-07-09,삼성SDI,365850.0,366720.0,364700.0,366180.0,23575041
2024-07-10,삼성SDI,365480.0,369590.0,364320.0,364650.0,22746244
2024-07-11,삼성SDI,359110.0,360440.0,359080.0,359120.0,13308582
2024-07-12,삼성SDI,363070.0,365170.0,361100.0,363920.0,13193669
2024-07-15,삼성SDI,347740.0,348770.0,346910.0,348140.0,18705470
2024-07-16,삼성SDI,344220.0,346150.0,342210.0,345610.0,8231013
2024-07-17,삼성SDI,348320.0,349020.0,346900.0,347100.0,22068376
2024-07-18,삼성SDI,359410.0,360260.0,355960.0,357460.0,10090485
2024-07-19,삼성SDI,351850.0,352720.0,348570.0,352220.0,10094237
2024-07-22,삼성SDI,352670.0,355370.0,350320.0,353070.0,13222101
2024-07-23,삼성SDI,347120.0,348010.0,345120.0,345920.0,8739726
2024-07-24,삼성SDI,355040.0,356380.0,352590.0,353890.0,14634487
2024-07-25,삼성SDI,354230.0,355590.0,352850.0,353210.0,5926890
2024-07-26,삼성SDI,358800.0,358860.0,358120.0,358400.0,19965654
2024-07-29,삼성SDI,357900.0,362480.0,356090.0,360270.0,12903666
2024-07-30,삼성SDI,356950.0,361280.0,354780.0,354990.0,15806901
2024-07-31,삼성SDI,339440.0,341040.0,337510.0,340940.0,14698264
2024-08-01,삼성SDI,338980.0,339190.0,338600.0,338620.0,9490787
2024-08-02,삼성SDI,335080.0,335120.0,333760.0,334740.0,15657545
2024-08-05,삼성SDI,328740.0,329780.0,327310.0,328180.0,9677573
2024-08-06,삼성SDI,333580.0,334150.0,330730.0,331590.0,17532212
2024-08-07,삼성SDI,340390.0,341990.0,339230.0,339800.0,8455548
2024-08-08,삼성SDI,338800.0,339260.0,335590.0,337550.0,12121243
2024-08-09,삼성SDI,338500.0,339120.0,334800.0,336330.0,20911674
2024-08-12,삼성SDI,330650.0,331240.0,327980.0,330030.0,8298791
2024-08-13,삼성SDI,321480.0,323180.0,319540.0,320510.0,9847916
2024-08-14,삼성SDI,324820.0,326340.0,320200.0,323730.0,13588755
2024-08-15,삼성SDI,313060.0,315890.0,311750.0,313700.0,16638100
2024-08-16,삼성SDI,313300.0,317820.0,311530.0,313150.0,9456272
2024-08-19,삼성SDI,306840.0,311590.0,306440.0,309300.0,12203895
2024-08-20,삼성SDI,306630.0,307710.0,303140.0,306090.0,6806330
2024-08-21,삼성SDI,309150.0,310730.0,306260.0,307290.0,18981672
2024-08-22,삼성SDI,304910.0,308820.0,303560.0,306250.0,12255129
2024-08-23,삼성SDI,306790.0,307070.0,305170.0,306890.0,21430291
2024-08-26,삼성SDI,311520.0,312770.0,311080.0,311130.0,12940416
2024-08-27,삼성SDI,307690.0,308890.0,307160.0,308130.0,9457289
2024-08-28,삼성SDI,305970.0,306360.0,302520.0,304340.0,17535508
2024-08-29,삼성SDI,298290.0,302050.0,298220.0,300040.0,17036625
2024-08-30,삼성SDI,303220.0,306000.0,300300.0,302430.0,9700786
2024-09-02,삼성SDI,300390.0,300650.0,298970.0,299800.0,19337371
2024-09-03,삼성SDI,304050.0,306060.0,303350.0,304620.0,13299092
2024-09-04,삼성SDI,312970.0,314160.0,312680.0,312880.0,15549536
2024-09-05,삼성SDI,322530.0,323650.0,320190.0,323270.0,14687959
2024-09-06,삼성SDI,321350.0,322380.0,318930.0,321380.0,15283641
2024-09-09,삼성SDI,323090.0,324700.0,321970.0,324110.0,12168203
2024-09-10,삼성SDI,323460.0,326240.0,318690.0,324720.0,11958096
2024-09-11,삼성SDI,322940.0,324260.0,322370.0,322710.0,9009858
2024-09-12,삼성SDI,322130.0,322380.0,316160.0,320140.0,12490440
2024-09-13,삼성SDI,312950.0,315020.0,309750.0,313690.0,11281072
2024-09-16,삼성SDI,312500.0,313670.0,309870.0,311220.0,9913553
2024-09-17,삼성SDI,316310.0,319830.0,313060.0,318570.0,10968095
2024-09-18,삼성SDI,311060.0,313710.0,308630.0,311480.0,19459324
2024-09-19,삼성SDI,312060.0,316040.0,308820.0,315040.0,12171451
2024-09-20,삼성SDI,315410.0,318680.0,315070.0,315470.0,12577470
2024-09-23,삼성SDI,317520.0,318070.0,313960.0,315640.0,10848803
2024-09-24,삼성SDI,320270.0,320850.0,317030.0,318660.0,17928897
2024-09-25,삼성SDI,321790.0,324670.0,319650.0,322930.0,7279489
2024-09-26,삼성SDI,320730.0,324990.0,318870.0,323180.0,22615553
2024-09-27,삼성SDI,318830.0,320230.0,317240.0,317760.0,15170517
2024-09-30,삼성SDI,320570.0,328810.0,320460.0,322320.0,13488572
2024-10-01,삼성SDI,331670.0,332570.0,328390.0,330970.0,17319908
2024-10-02,삼성SDI,321730.0,323320.0,319280.0,322930.0,19198792
2024-10-03,삼성SDI,324610.0,325240.0,320100.0,322120.0,9198217
2024-10-04,삼성SDI,325910.0,326870.0,323740.0,324380.0,13684031
2024-10-07,삼성SDI,325230.0,326160.0,323780.0,323860.0,12596112
2024-10-08,삼성SDI,321370.0,322210.0,319730.0,321880.0,9626032
2024-10-09,삼성SDI,317160.0,321630.0,316740.0,318700.0,26138102
2024-10-10,삼성SDI,316410.0,319690.0,316280.0,317550.0,15139186
2024-10-11,삼성SDI,322450.0,325280.0,320960.0,321260.0,17416119
2024-10-14,삼성SDI,317120.0,319150.0,315990.0,318570.0,11114479
2024-10-15,삼성SDI,316370.0,318620.0,313480.0,317380.0,16042212
2024-10-16,삼성SDI,318880.0,318910.0,316140.0,317920.0,11935576
2024-10-17,삼성SDI,311080.0,313450.0,310270.0,310960.0,22135726
2024-10-18,삼성SDI,316380.0,316510.0,311430.0,314680.0,17103406
2024-10-21,삼성SDI,324500.0,326580.0,323700.0,324440.0,13979323
2024-10-22,삼성SDI,323460.0,324980.0,320490.0,322210.0,16780769
2024-10-23,삼성SDI,327760.0,330130.0,327150.0,328290.0,5953908
2024-10-24,삼성SDI,326950.0,328980.0,323720.0,327030.0,11037886
2024-10-25,삼성SDI,328700.0,330740.0,326870.0,329700.0,10240003
2024-10-28,삼성SDI,334150.0,334810.0,328840.0,331610.0,17337665
2024-10-29,삼성SDI,328070.0,331430.0,325190.0,325660.0,14622014
2024-10-30,삼성SDI,325250.0,328150.0,321400.0,326380.0,14844307
2024-10-31,삼성SDI,329580.0,334670.0,327540.0,329530.0,19427590
2024-11-01,삼성SDI,334090.0,334810.0,331590.0,334400.0,21818526
2024-11-04,삼성SDI,327880.0,332220.0,327000.0,330430.0,19003382
2024-11-05,삼성SDI,331300.0,334030.0,330680.0,333630.0,15416497
2024-11-06,삼성SDI,328010.0,330920.0,326730.0,329670.0,17915713
2024-11-07,삼성SDI,333400.0,337360.0,332680.0,333690.0,15016749
2024-11-08,삼성SDI,333070.0,334190.0,330460.0,331610.0,12381508
2024-11-11,삼성SDI,330070.0,332930.0,329500.0,331810.0,18169092
2024-11-12,삼성SDI,338680.0,341420.0,335140.0,339510.0,10633397
2024-11-13,삼성SDI,340260.0,342530.0,339890.0,340980.0,11178518
2024-11-14,삼성SDI,335920.0,337200.0,334920.0,335380.0,16756439
2024-11-15,삼성SDI,331770.0,333570.0,331440.0,331450.0,3164368
2024-11-18,삼성SDI,330020.0,334690.0,328590.0,331670.0,18127242
2024-11-19,삼성SDI,324360.0,325990.0,321440.0,325150.0,21700630
2024-11-20,삼성SDI,319380.0,319810.0,318720.0,319450.0,18365640
2024-11-21,삼성SDI,316910.0,317520.0,313490.0,315810.0,14027685
2024-11-22,삼성SDI,317540.0,318900.0,315930.0,318070.0,8018636
2024-11-25,삼성SDI,319020.0,319320.0,315940.0,317830.0,11504972
2024-11-26,삼성SDI,303390.0,305660.0,301820.0,305110.0,23286368
2024-11-27,삼성SDI,307290.0,309650.0,305070.0,305440.0,16630061
2024-11-28,삼성SDI,301580.0,302850.0,299980.0,301300.0,7450125
2024-11-29,삼성SDI,305490.0,307750.0,303950.0,305760.0,22883490
2024-12-02,삼성SDI,301730.0,307500.0,298370.0,301830.0,12188700
2024-12-03,삼성SDI,305180.0,309020.0,302780.0,306690.0,17739382
2024-12-04,삼성SDI,314010.0,315790.0,310630.0,312280.0,17988176
2024-12-05,삼성SDI,303680.0,305930.0,300960.0,303760.0,12820552
2024-12-06,삼성SDI,300050.0,300750.0,299190.0,299570.0,11524502
2024-12-09,삼성SDI,298720.0,300030.0,296490.0,297910.0,18874528
2024-12-10,삼성SDI,289960.0,290560.0,285030.0,289740.0,19830146
2024-12-11,삼성SDI,286460.0,289410.0,283790.0,287610.0,13899448
2024-12-12,삼성SDI,284430.0,286050.0,284380.0,285970.0,10084701
2024-12-13,삼성SDI,284160.0,284570.0,282270.0,282550.0,10682733
2024-12-16,삼성SDI,281890.0,284560.0,279210.0,282880.0,12803921
2024-12-17,삼성SDI,286580.0,287160.0,284930.0,285960.0,7927162
2024-12-18,삼성SDI,284360.0,285390.0,282870.0,284780.0,17087765
2024-12-19,삼성SDI,283180.0,283240.0,282750.0,283020.0,19890567
2024-12-20,삼성SDI,280580.0,283890.0,276560.0,282180.0,8993874
2024-12-23,삼성SDI,278990.0,281060.0,274580.0,277780.0,10163079
2024-12-24,삼성SDI,271900.0,272380.0,269840.0,271900.0,11541917
2024-12-25,삼성SDI,280410.0,281570.0,277460.0,280160.0,15012434
2024-12-26,삼성SDI,281670.0,284340.0,281610.0,282710.0,14745233
2024-12-27,삼성SDI,289390.0,290110.0,287690.0,289990.0,10960071
2024-12-30,삼성SDI,290800.0,292270.0,289970.0,292080.0,8176955
2024-12-31,삼성SDI,296220.0,297880.0,296020.0,297270.0,11514493
2024-01-02,LG에너지솔루션,417990.0,418730.0,415760.0,417670.0,11315017
2024-01-03,LG에너지솔루션,407460.0,410360.0,404920.0,407380.0,11402276
2024-01-04,LG에너지솔루션,411720.0,412830.0,407480.0,412610.0,9200038
2024-01-05,LG에너지솔루션,426880.0,428920.0,424140.0,425270.0,9260363
2024-01-08,LG에너지솔루션,434920.0,435540.0,432580.0,433160.0,12449368
2024-01-09,LG에너지솔루션,436240.0,436340.0,435240.0,435320.0,7299056
2024-01-10,LG에너지솔루션,428990.0,430100.0,424010.0,427440.0,8837896
2024-01-11,LG에너지솔루션,443080.0,443630.0,437730.0,440460.0,12387838
2024-01-12,LG에너지솔루션,447780.0,452800.0,446380.0,448830.0,8844291
2024-01-15,LG에너지솔루션,438060.0,438470.0,435560.0,436360.0,8314118
2024-01-16,LG에너지솔루션,435180.0,438040.0,435150.0,435810.0,12117763
2024-01-17,LG에너지솔루션,436720.0,437100.0,433940.0,436180.0,7934895
2024-01-18,LG에너지솔루션,438120.0,440850.0,436980.0,439370.0,11250798
2024-01-19,LG에너지솔루션,438180.0,438340.0,433010.0,434850.0,12552097
2024-01-22,LG에너지솔루션,418510.0,421630.0,415930.0,419320.0,8953971
2024-01-23,LG에너지솔루션,415510.0,415870.0,413000.0,415400.0,9137160
2024-01-24,LG에너지솔루션,416460.0,420190.0,416370.0,417550.0,13937204
2024-01-25,LG에너지솔루션,399960.0,405030.0,396280.0,403930.0,10404983
2024-01-26,LG에너지솔루션,402520.0,404090.0,398180.0,403640.0,11951732
2024-01-29,LG에너지솔루션,399680.0,404340.0,399500.0,399670.0,13757627
2024-01-30,LG에너지솔루션,397110.0,398210.0,396580.0,397510.0,11531693
2024-01-31,LG에너지솔루션,397780.0,400490.0,396190.0,400090.0,13455436
2024-02-01,LG에너지솔루션,387340.0,393830.0,385860.0,389290.0,10363874
2024-02-02,LG에너지솔루션,402690.0,404390.0,399300.0,402230.0,9219133
2024-02-05,LG에너지솔루션,402100.0,402580.0,399330.0,401830.0,7362119
2024-02-06,LG에너지솔루션,407110.0,411180.0,405070.0,406000.0,14344031
2024-02-07,LG에너지솔루션,404580.0,407570.0,402370.0,402770.0,9490661
2024-02-08,LG에너지솔루션,404940.0,408400.0,402570.0,403820.0,9852727
2024-02-09,LG에너지솔루션,410720.0,411480.0,408530.0,409690.0,9831982
2024-02-12,LG에너지솔루션,395350.0,395810.0,393280.0,394130.0,16093047
2024-02-13,LG에너지솔루션,409640.0,410980.0,404460.0,406970.0,13261328
2024-02-14,LG에너지솔루션,397960.0,400080.0,397020.0,398280.0,9509645
2024-02-15,LG에너지솔루션,397040.0,398120.0,394740.0,395850.0,13986808
2024-02-16,LG에너지솔루션,390710.0,392670.0,387070.0,388760.0,9967884
2024-02-19,LG에너지솔루션,377080.0,380310.0,372930.0,377880.0,14128329
2024-02-20,LG에너지솔루션,387840.0,390090.0,384660.0,389890.0,10298125
2024-02-21,LG에너지솔루션,384010.0,386280.0,382300.0,385230.0,11320559
2024-02-22,LG에너지솔루션,387030.0,392950.0,383380.0,389370.0,8815463
2024-02-23,LG에너지솔루션,388540.0,392480.0,387010.0,390600.0,9011456
2024-02-26,LG에너지솔루션,396600.0,401100.0,395500.0,396640.0,12389668
2024-02-27,LG에너지솔루션,395460.0,395780.0,391170.0,394510.0,11642735
2024-02-28,LG에너지솔루션,388690.0,391240.0,387470.0,388870.0,7075006
2024-02-29,LG에너지솔루션,385660.0,388570.0,385320.0,387540.0,10687822
2024-03-01,LG에너지솔루션,384220.0,386840.0,381690.0,384760.0,6530546
2024-03-04,LG에너지솔루션,392670.0,398480.0,390190.0,390400.0,10902102
2024-03-05,LG에너지솔루션,399530.0,405080.0,399210.0,400720.0,9376675
2024-03-06,LG에너지솔루션,408510.0,411240.0,405250.0,410650.0,9205702
2024-03-07,LG에너지솔루션,400130.0,403150.0,397140.0,401330.0,11835977
2024-03-08,LG에너지솔루션,392480.0,396890.0,390870.0,394440.0,13322511
2024-03-11,LG에너지솔루션,396610.0,400850.0,394890.0,398090.0,8947209
2024-03-12,LG에너지솔루션,396550.0,396580.0,393250.0,395250.0,18090861
2024-03-13,LG에너지솔루션,383950.0,388910.0,383790.0,387470.0,12210032
2024-03-14,LG에너지솔루션,386290.0,388800.0,384670.0,387540.0,10705505
2024-03-15,LG에너지솔루션,390950.0,391200.0,383890.0,387580.0,9884649
2024-03-18,LG에너지솔루션,399810.0,404810.0,397670.0,400120.0,11626320
2024-03-19,LG에너지솔루션,394380.0,402530.0,392450.0,396300.0,9031098
2024-03-20,LG에너지솔루션,399450.0,403220.0,397140.0,401220.0,11790533
2024-03-21,LG에너지솔루션,392350.0,392850.0,390480.0,392380.0,6854364
2024-03-22,LG에너지솔루션,402420.0,404230.0,396990.0,403550.0,15367897
2024-03-25,LG에너지솔루션,404640.0,408330.0,401380.0,407150.0,15992669
2024-03-26,LG에너지솔루션,386430.0,388800.0,383720.0,387600.0,3152494
2024-03-27,LG에너지솔루션,392010.0,394910.0,389500.0,391690.0,10169737
2024-03-28,LG에너지솔루션,399900.0,401030.0,398680.0,398710.0,9978511
2024-03-29,LG에너지솔루션,405700.0,407250.0,404180.0,406390.0,12914109
2024-04-01,LG에너지솔루션,402270.0,405040.0,401310.0,401870.0,14465568
2024-04-02,LG에너지솔루션,398410.0,401950.0,395870.0,398750.0,5554822
2024-04-03,LG에너지솔루션,394420.0,397070.0,392810.0,396340.0,5279294
2024-04-04,LG에너지솔루션,388450.0,393740.0,385690.0,389340.0,9204532
2024-04-05,LG에너지솔루션,391060.0,393700.0,390080.0,390910.0,12170417
2024-04-08,LG에너지솔루션,392740.0,396190.0,391940.0,393620.0,10156538
2024-04-09,LG에너지솔루션,397650.0,403170.0,396120.0,400230.0,4524037
2024-04-10,LG에너지솔루션,413550.0,418130.0,411720.0,414630.0,8154562
2024-04-11,LG에너지솔루션,411190.0,415600.0,408350.0,412060.0,16623583
2024-04-12,LG에너지솔루션,405720.0,408020.0,405580.0,407950.0,8798404
2024-04-15,LG에너지솔루션,408070.0,408800.0,403600.0,407370.0,14640620
2024-04-16,LG에너지솔루션,409930.0,410000.0,405810.0,407920.0,8060263
2024-04-17,LG에너지솔루션,399320.0,401660.0,395910.0,397920.0,14182496
2024-04-18,LG에너지솔루션,399980.0,402200.0,397400.0,401310.0,10307909
2024-04-19,LG에너지솔루션,402860.0,409070.0,400760.0,403910.0,9285153
2024-04-22,LG에너지솔루션,406330.0,409390.0,400940.0,405320.0,8211585
2024-04-23,LG에너지솔루션,410530.0,412160.0,407850.0,410800.0,8889965
2024-04-24,LG에너지솔루션,411570.0,414720.0,409750.0,414030.0,7183778
2024-04-25,LG에너지솔루션,412800.0,413570.0,409350.0,410470.0,11455486
2024-04-26,LG에너지솔루션,414870.0,416800.0,412890.0,415410.0,12673734
2024-04-29,LG에너지솔루션,407680.0,409620.0,406160.0,408080.0,9481180
2024-04-30,LG에너지솔루션,413320.0,416580.0,412930.0,413770.0,11862750
2024-05-01,LG에너지솔루션,412160.0,415560.0,411150.0,412460.0,14350762
2024-05-02,LG에너지솔루션,414550.0,415150.0,411350.0,413570.0,14160982
2024-05-03,LG에너지솔루션,422600.0,424590.0,420010.0,422080.0,13372156
2024-05-06,LG에너지솔루션,422090.0,425420.0,421360.0,422730.0,10036599
2024-05-07,LG에너지솔루션,427760.0,429660.0,424220.0,425980.0,7833746
2024-05-08,LG에너지솔루션,430050.0,431020.0,429070.0,430740.0,8134049
2024-05-09,LG에너지솔루션,426540.0,429560.0,421780.0,424770.0,11072656
2024-05-10,LG에너지솔루션,419260.0,423330.0,417660.0,418640.0,10829557
2024-05-13,LG에너지솔루션,414140.0,415430.0,410940.0,413940.0,15457768
2024-05-14,LG에너지솔루션,414750.0,415840.0,414120.0,415010.0,7183693
2024-05-15,LG에너지솔루션,418690.0,422810.0,410350.0,415100.0,8832085
2024-05-16,LG에너지솔루션,430050.0,432190.0,427130.0,428320.0,13280745
2024-05-17,LG에너지솔루션,430280.0,432410.0,427560.0,430220.0,9506617
2024-05-20,LG에너지솔루션,427150.0,433040.0,426920.0,429540.0,15657441
2024-05-21,LG에너지솔루션,423980.0,426750.0,420380.0,423200.0,10751906
2024-05-22,LG에너지솔루션,433990.0,436480.0,429400.0,430180.0,10228372
2024-05-23,LG에너지솔루션,433540.0,434210.0,430600.0,433010.0,8011861
2024-05-24,LG에너지솔루션,421740.0,422350.0,415660.0,421800.0,15603314
2024-05-27,LG에너지솔루션,418450.0,426150.0,417350.0,421040.0,14174568
2024-05-28,LG에너지솔루션,420750.0,425970.0,417840.0,418320.0,13950394
2024-05-29,LG에너지솔루션,417490.0,418280.0,416730.0,417970.0,13104355
2024-05-30,LG에너지솔루션,405030.0,407520.0,403540.0,405000.0,8730674
2024-05-31,LG에너지솔루션,416750.0,417540.0,413900.0,415560.0,12679098
2024-06-03,LG에너지솔루션,419960.0,424960.0,416380.0,416690.0,10789472
2024-06-04,LG에너지솔루션,422060.0,423030.0,418910.0,422900.0,7925845
2024-06-05,LG에너지솔루션,416210.0,417320.0,414070.0,416350.0,8908660
2024-06-06,LG에너지솔루션,404580.0,408900.0,403230.0,405540.0,10178650
2024-06-07,LG에너지솔루션,412990.0,414940.0,411100.0,411800.0,9561717
2024-06-10,LG에너지솔루션,405030.0,406460.0,403840.0,404190.0,12438714
2024-06-11,LG에너지솔루션,419240.0,420380.0,416480.0,416700.0,4606408
2024-06-12,LG에너지솔루션,408630.0,409110.0,404600.0,407420.0,13351930
2024-06-13,LG에너지솔루션,412670.0,416880.0,410640.0,413270.0,7739816
2024-06-14,LG에너지솔루션,415300.0,418750.0,414660.0,417510.0,19061683
2024-06-17,LG에너지솔루션,416050.0,419950.0,415590.0,417150.0,10118507
2024-06-18,LG에너지솔루션,412740.0,417200.0,410490.0,413800.0,13168985
2024-06-19,LG에너지솔루션,410200.0,412710.0,407540.0,411850.0,7150327
2024-06-20,LG에너지솔루션,418500.0,422390.0,416270.0,417790.0,13331638
2024-06-21,LG에너지솔루션,426410.0,428510.0,420630.0,422280.0,9901768
2024-06-24,LG에너지솔루션,419370.0,424160.0,416750.0,420370.0,2419617
2024-06-25,LG에너지솔루션,420440.0,422760.0,416640.0,419360.0,8109215
2024-06-26,LG에너지솔루션,426190.0,428400.0,423940.0,426660.0,12476028
2024-06-27,LG에너지솔루션,415160.0,415490.0,413070.0,415390.0,6064439
2024-06-28,LG에너지솔루션,411190.0,412020.0,406620.0,409550.0,11090608
2024-07-01,LG에너지솔루션,419740.0,419810.0,413640.0,418490.0,6787290
2024-07-02,LG에너지솔루션,420560.0,422740.0,419180.0,419590.0,12037145
2024-07-03,LG에너지솔루션,436170.0,436860.0,433800.0,434200.0,11009534
2024-07-04,LG에너지솔루션,425520.0,426240.0,424890.0,426070.0,11989963
2024-07-05,LG에너지솔루션,424080.0,425500.0,422610.0,423380.0,8033069
2024-07-08,LG에너지솔루션,420780.0,422960.0,418950.0,421880.0,7265586
2024-07-09,LG에너지솔루션,415450.0,420270.0,413040.0,418480.0,14283087
2024-07-10,LG에너지솔루션,418200.0,422590.0,414220.0,420370.0,10026626
2024-07-11,LG에너지솔루션,432490.0,432810.0,427030.0,431090.0,11601528
2024-07-12,LG에너지솔루션,436120.0,436180.0,434620.0,435230.0,9885218
2024-07-15,LG에너지솔루션,427940.0,434130.0,427720.0,429240.0,9630373
2024-07-16,LG에너지솔루션,434800.0,436750.0,432030.0,435520.0,9808198
2024-07-17,LG에너지솔루션,427560.0,432330.0,424640.0,425030.0,7093414
2024-07-18,LG에너지솔루션,410530.0,415790.0,405530.0,413490.0,3568125
2024-07-19,LG에너지솔루션,416690.0,420190.0,415160.0,417050.0,14191297
2024-07-22,LG에너지솔루션,416140.0,417630.0,416100.0,417380.0,8922747
2024-07-23,LG에너지솔루션,420410.0,423580.0,417940.0,422410.0,17212438
2024-07-24,LG에너지솔루션,411920.0,414760.0,410490.0,412490.0,13431526
2024-07-25,LG에너지솔루션,416250.0,422690.0,415140.0,417780.0,11875967
2024-07-26,LG에너지솔루션,416040.0,416860.0,412450.0,415370.0,6012476
2024-07-29,LG에너지솔루션,418740.0,421760.0,413720.0,418020.0,6636146
2024-07-30,LG에너지솔루션,417270.0,421380.0,415540.0,417760.0,10095324
2024-07-31,LG에너지솔루션,405870.0,406190.0,403930.0,404890.0,13312485
2024-08-01,LG에너지솔루션,409980.0,411970.0,407520.0,411600.0,8137305
2024-08-02,LG에너지솔루션,408270.0,411910.0,405520.0,410430.0,8128577
2024-08-05,LG에너지솔루션,420120.0,422420.0,413310.0,416650.0,13068615
2024-08-06,LG에너지솔루션,408880.0,410750.0,407300.0,410210.0,13705564
2024-08-07,LG에너지솔루션,406320.0,407390.0,398650.0,403240.0,10981051
2024-08-08,LG에너지솔루션,412590.0,413080.0,410800.0,410870.0,8756172
2024-08-09,LG에너지솔루션,411650.0,413670.0,411190.0,413370.0,12545332
2024-08-12,LG에너지솔루션,424600.0,428220.0,423420.0,425060.0,15041922
2024-08-13,LG에너지솔루션,413190.0,415990.0,412600.0,414130.0,7359349
2024-08-14,LG에너지솔루션,404220.0,407240.0,400650.0,402220.0,12886415
2024-08-15,LG에너지솔루션,389230.0,395920.0,387610.0,390370.0,10445624
2024-08-16,LG에너지솔루션,397530.0,402110.0,397180.0,397300.0,8197453
2024-08-19,LG에너지솔루션,399790.0,404220.0,398770.0,400010.0,13401891
2024-08-20,LG에너지솔루션,405270.0,408670.0,401990.0,402850.0,13645670
2024-08-21,LG에너지솔루션,410390.0,413990.0,405850.0,411720.0,11284647
2024-08-22,LG에너지솔루션,408650.0,411380.0,405720.0,408260.0,6738759
2024-08-23,LG에너지솔루션,408120.0,409550.0,405430.0,405650.0,5565897
2024-08-26,LG에너지솔루션,406480.0,408600.0,400120.0,404920.0,9352423
2024-08-27,LG에너지솔루션,404000.0,409040.0,402090.0,403060.0,10609048
2024-08-28,LG에너지솔루션,402580.0,405550.0,397780.0,405270.0,14129785
2024-08-29,LG에너지솔루션,409680.0,410470.0,404660.0,407350.0,14170294
2024-08-30,LG에너지솔루션,409620.0,409990.0,405760.0,409920.0,14204666
2024-09-02,LG에너지솔루션,398910.0,402170.0,392690.0,397770.0,11862495
2024-09-03,LG에너지솔루션,398540.0,402080.0,397060.0,400640.0,10196318
2024-09-04,LG에너지솔루션,405890.0,410910.0,405670.0,406580.0,10395700
2024-09-05,LG에너지솔루션,403220.0,405580.0,400910.0,405430.0,8979695
2024-09-06,LG에너지솔루션,404580.0,405760.0,404230.0,405060.0,13838933
2024-09-09,LG에너지솔루션,410170.0,416980.0,404660.0,411250.0,10615637
2024-09-10,LG에너지솔루션,424520.0,425560.0,419700.0,421980.0,13781060
2024-09-11,LG에너지솔루션,429920.0,433190.0,429100.0,429110.0,7991591
2024-09-12,LG에너지솔루션,432330.0,433860.0,428480.0,432250.0,8388998
2024-09-13,LG에너지솔루션,443480.0,446670.0,439720.0,442580.0,14185331
2024-09-16,LG에너지솔루션,439250.0,441320.0,437260.0,439270.0,10119584
2024-09-17,LG에너지솔루션,454200.0,457310.0,451470.0,452020.0,8763525
2024-09-18,LG에너지솔루션,447150.0,449550.0,443130.0,446100.0,6888824
2024-09-19,LG에너지솔루션,459170.0,460510.0,456760.0,459050.0,4176844
2024-09-20,LG에너지솔루션,461050.0,462690.0,460190.0,461810.0,15971250
2024-09-23,LG에너지솔루션,480210.0,480370.0,474650.0,477740.0,13528454
2024-09-24,LG에너지솔루션,476610.0,478570.0,473130.0,473350.0,16396534
2024-09-25,LG에너지솔루션,472180.0,477300.0,466140.0,472330.0,8869843
2024-09-26,LG에너지솔루션,483910.0,488970.0,481360.0,487930.0,14784524
2024-09-27,LG에너지솔루션,489030.0,498650.0,487890.0,490990.0,9025069
2024-09-30,LG에너지솔루션,487730.0,488010.0,480270.0,487430.0,11896195
2024-10-01,LG에너지솔루션,508180.0,512420.0,503670.0,504000.0,11824286
2024-10-02,LG에너지솔루션,488160.0,491810.0,482670.0,490080.0,6440522
2024-10-03,LG에너지솔루션,490440.0,493570.0,486960.0,491450.0,11726623
2024-10-04,LG에너지솔루션,505410.0,506760.0,503970.0,504450.0,9509040
2024-10-07,LG에너지솔루션,500820.0,506110.0,499720.0,504430.0,6595497
2024-10-08,LG에너지솔루션,499310.0,504450.0,498720.0,501820.0,13541235
2024-10-09,LG에너지솔루션,503150.0,505310.0,496890.0,501560.0,10029182
2024-10-10,LG에너지솔루션,504590.0,505400.0,498980.0,500800.0,15671161
2024-10-11,LG에너지솔루션,504320.0,510350.0,496920.0,507640.0,16138733
2024-10-14,LG에너지솔루션,492260.0,492680.0,490420.0,491210.0,9543900
2024-10-15,LG에너지솔루션,481180.0,485200.0,478980.0,485130.0,13142195
2024-10-16,LG에너지솔루션,473260.0,475920.0,472090.0,473690.0,8943038
2024-10-17,LG에너지솔루션,476900.0,483610.0,475910.0,477700.0,10488284
2024-10-18,LG에너지솔루션,468790.0,478850.0,465030.0,472310.0,16378929
2024-10-21,LG에너지솔루션,457790.0,461470.0,457130.0,458480.0,6406147
2024-10-22,LG에너지솔루션,453600.0,454410.0,447550.0,451090.0,16830241
2024-10-23,LG에너지솔루션,452870.0,457510.0,448010.0,452280.0,8677618
2024-10-24,LG에너지솔루션,445220.0,448940.0,442480.0,444710.0,14570901
2024-10-25,LG에너지솔루션,452670.0,457300.0,446760.0,450180.0,8600721
2024-10-28,LG에너지솔루션,449530.0,450680.0,441990.0,449560.0,11000466
2024-10-29,LG에너지솔루션,446830.0,446930.0,444450.0,446370.0,10311893
2024-10-30,LG에너지솔루션,435250.0,444430.0,434860.0,440840.0,14641633
2024-10-31,LG에너지솔루션,438960.0,445520.0,432630.0,441250.0,8531208
2024-11-01,LG에너지솔루션,429470.0,431610.0,425160.0,429820.0,11038350
2024-11-04,LG에너지솔루션,435820.0,439280.0,429120.0,435410.0,6378236
2024-11-05,LG에너지솔루션,429450.0,430310.0,426250.0,429280.0,12359206
2024-11-06,LG에너지솔루션,440170.0,442090.0,439890.0,441680.0,16575321
2024-11-07,LG에너지솔루션,446470.0,447570.0,440890.0,445440.0,12232256
2024-11-08,LG에너지솔루션,440560.0,440720.0,438570.0,440600.0,5942451
2024-11-11,LG에너지솔루션,433170.0,434320.0,429430.0,432740.0,1082913
2024-11-12,LG에너지솔루션,422490.0,428110.0,420500.0,425780.0,4703148
2024-11-13,LG에너지솔루션,428940.0,432500.0,424680.0,430720.0,5982073
2024-11-14,LG에너지솔루션,431990.0,432860.0,430550.0,431210.0,15233050
2024-11-15,LG에너지솔루션,435110.0,437100.0,431980.0,435390.0,13385109
2024-11-18,LG에너지솔루션,435690.0,440050.0,434660.0,435840.0,10646838
2024-11-19,LG에너지솔루션,424930.0,426290.0,422450.0,426170.0,12034684
2024-11-20,LG에너지솔루션,429270.0,429340.0,426590.0,428330.0,8550582
2024-11-21,LG에너지솔루션,433580.0,438020.0,430580.0,434340.0,14327038
2024-11-22,LG에너지솔루션,431260.0,432860.0,427000.0,431730.0,11202046
2024-11-25,LG에너지솔루션,424180.0,429410.0,424150.0,424170.0,10585762
2024-11-26,LG에너지솔루션,429310.0,436840.0,427160.0,430420.0,13482833
2024-11-27,LG에너지솔루션,439350.0,439600.0,433500.0,437250.0,13391155
2024-11-28,LG에너지솔루션,457460.0,461880.0,455890.0,459320.0,11290426
2024-11-29,LG에너지솔루션,465630.0,467020.0,464970.0,466840.0,8477747
2024-12-02,LG에너지솔루션,463210.0,471720.0,462870.0,467430.0,12213342
2024-12-03,LG에너지솔루션,467450.0,467580.0,458260.0,466840.0,14784512
2024-12-04,LG에너지솔루션,451350.0,457320.0,450190.0,451870.0,11101406
2024-12-05,LG에너지솔루션,449860.0,454330.0,448660.0,449960.0,10741489
2024-12-06,LG에너지솔루션,442260.0,446550.0,440920.0,444260.0,15426131
2024-12-09,LG에너지솔루션,447090.0,448120.0,442430.0,443670.0,10192658
2024-12-10,LG에너지솔루션,440870.0,445970.0,439850.0,442850.0,6443658
2024-12-11,LG에너지솔루션,441190.0,442180.0,438910.0,439910.0,9655534
2024-12-12,LG에너지솔루션,436710.0,440860.0,432830.0,434190.0,11931453
2024-12-13,LG에너지솔루션,443340.0,446100.0,439910.0,442090.0,7493852
2024-12-16,LG에너지솔루션,442110.0,447040.0,439590.0,444000.0,7574594
2024-12-17,LG에너지솔루션,441930.0,442270.0,435620.0,441920.0,7930391
2024-12-18,LG에너지솔루션,445760.0,445830.0,442020.0,445650.0,7662932
2024-12-19,LG에너지솔루션,441440.0,443620.0,438530.0,441700.0,10453843
2024-12-20,LG에너지솔루션,444670.0,446000.0,440950.0,442710.0,8286227
2024-12-23,LG에너지솔루션,448330.0,457930.0,445310.0,454460.0,9218916
2024-12-24,LG에너지솔루션,462380.0,466800.0,459730.0,464520.0,4866180
2024-12-25,LG에너지솔루션,470260.0,470830.0,467840.0,468150.0,13678837
2024-12-26,LG에너지솔루션,466110.0,471730.0,462810.0,467130.0,9586862
2024-12-27,LG에너지솔루션,466670.0,467210.0,464760.0,466180.0,9944496
2024-12-30,LG에너지솔루션,457370.0,459560.0,454960.0,457160.0,15705936
2024-12-31,LG에너지솔루션,456850.0,460030.0,454190.0,459590.0,12637115
