기준월,지역,업종,총승인금액,총승인건수
2024-01,서울,식음료,124938349,3460
2024-01,서울,쇼핑,575759537,26627
2024-01,서울,교통,416772750,7737
2024-01,서울,문화/여가,334631852,6429
2024-01,서울,의료,513258442,16664
2024-01,서울,교육,784627030,27734
2024-01,서울,공과금,238229037,4741
2024-01,서울,여행,463105586,8317
2024-01,경기,식음료,449464907,8920
2024-01,경기,쇼핑,269325415,5618
2024-01,경기,교통,480706658,24434
2024-01,경기,문화/여가,437967654,7812
2024-01,경기,의료,199816166,6865
2024-01,경기,교육,398677846,7072
2024-01,경기,공과금,93830905,2585
2024-01,경기,여행,655618761,18723
2024-01,부산,식음료,132968002,2605
2024-01,부산,쇼핑,144332847,8244
2024-01,부산,교통,296839347,11742
2024-01,부산,문화/여가,126431537,5819
2024-01,부산,의료,73517276,1436
2024-01,부산,교육,439602606,12790
2024-01,부산,공과금,8264762,139
2024-01,부산,여행,293198795,18731
2024-01,인천,식음료,224700764,5340
2024-01,인천,쇼핑,86375130,1914
2024-01,인천,교통,69447381,2769
2024-01,인천,문화/여가,101790529,1968
2024-01,인천,의료,195822882,5125
2024-01,인천,교육,45091934,905
2024-01,인천,공과금,82199050,4290
2024-01,인천,여행,131480873,2889
2024-01,대구,식음료,15568794,523
2024-01,대구,쇼핑,139994290,4529
2024-01,대구,교통,69704725,3783
2024-01,대구,문화/여가,89238646,1536
2024-01,대구,의료,57984277,1543
2024-01,대구,교육,88727291,2086
2024-01,대구,공과금,183268017,3257
2024-01,대구,여행,129636923,7224
2024-01,대전,식음료,14008012,282
2024-01,대전,쇼핑,49223237,2018
2024-01,대전,교통,23653734,592
2024-01,대전,문화/여가,79635919,2493
2024-01,대전,의료,55175099,2659
2024-01,대전,교육,66660758,3423
2024-01,대전,공과금,83380004,2260
2024-01,대전,여행,60431414,3892
2024-01,광주,식음료,70046702,1237
2024-01,광주,쇼핑,28314746,760
2024-01,광주,교통,28693589,661
2024-01,광주,문화/여가,36128651,999
2024-01,광주,의료,9992350,176
2024-01,광주,교육,69522472,1664
2024-01,광주,공과금,37865681,956
2024-01,광주,여행,34720414,795
2024-01,울산,식음료,56347725,1186
2024-01,울산,쇼핑,21348939,359
2024-01,울산,교통,36034356,821
2024-01,울산,문화/여가,53844925,1436
2024-01,울산,의료,26295658,934
2024-01,울산,교육,37051185,1216
2024-01,울산,공과금,36335922,687
2024-01,울산,여행,102290449,4543
2024-01,세종,식음료,21737905,987
2024-01,세종,쇼핑,20800535,353
2024-01,세종,교통,10827507,305
2024-01,세종,문화/여가,12916753,485
2024-01,세종,의료,25839495,1010
2024-01,세종,교육,31137657,842
2024-01,세종,공과금,24440369,683
2024-01,세종,여행,15881872,1028
2024-01,강원,식음료,61032467,3218
2024-01,강원,쇼핑,18973277,764
2024-01,강원,교통,64297525,1335
2024-01,강원,문화/여가,36777784,874
2024-01,강원,의료,13693452,340
2024-01,강원,교육,25796890,758
2024-01,강원,공과금,18392535,425
2024-01,강원,여행,40790719,2181
2024-01,충북,식음료,65578069,2563
2024-01,충북,쇼핑,36465036,638
2024-01,충북,교통,7083938,131
2024-01,충북,문화/여가,58726779,1506
2024-01,충북,의료,35370621,829
2024-01,충북,교육,40128167,847
2024-01,충북,공과금,45723878,2410
2024-01,충북,여행,69830503,1790
2024-01,충남,식음료,51665213,3098
2024-01,충남,쇼핑,30903677,817
2024-01,충남,교통,21939954,736
2024-01,충남,문화/여가,38362958,1187
2024-01,충남,의료,79350515,1345
2024-01,충남,교육,70138622,3368
2024-01,충남,공과금,28448440,657
2024-01,충남,여행,31808853,900
2024-01,전북,식음료,45294829,858
2024-01,전북,쇼핑,54799336,1790
2024-01,전북,교통,44485031,2014
2024-01,전북,문화/여가,18321521,415
2024-01,전북,의료,25032425,432
2024-01,전북,교육,71858976,2688
2024-01,전북,공과금,87084672,2991
2024-01,전북,여행,11412108,303
2024-01,전남,식음료,23389268,812
2024-01,전남,쇼핑,16518302,487
2024-01,전남,교통,32306372,579
2024-01,전남,문화/여가,17291581,565
2024-01,전남,의료,102772392,3327
2024-01,전남,교육,8807250,291
2024-01,전남,공과금,33937357,2106
2024-01,전남,여행,21070138,464
2024-01,경북,식음료,43256349,2572
2024-01,경북,쇼핑,38201269,647
2024-01,경북,교통,57707387,1142
2024-01,경북,문화/여가,94607339,2897
2024-01,경북,의료,69932829,1305
2024-01,경북,교육,98088731,6001
2024-01,경북,공과금,78908630,2586
2024-01,경북,여행,41260450,1352
2024-01,경남,식음료,193158996,4544
2024-01,경남,쇼핑,47899023,3061
2024-01,경남,교통,154969438,3266
2024-01,경남,문화/여가,10202722,374
2024-01,경남,의료,71149644,3244
2024-01,경남,교육,37470375,700
2024-01,경남,공과금,67850392,1144
2024-01,경남,여행,30883473,636
2024-01,제주,식음료,51855643,1222
2024-01,제주,쇼핑,11782144,446
2024-01,제주,교통,2180868,81
2024-01,제주,문화/여가,59547654,2109
2024-01,제주,의료,76056307,1282
2024-01,제주,교육,60053855,2074
2024-01,제주,공과금,12055511,206
2024-01,제주,여행,41463103,1188
2024-02,서울,식음료,416390214,15955
2024-02,서울,쇼핑,483220958,22996
2024-02,서울,교통,378953992,13392
2024-02,서울,문화/여가,121641044,2086
2024-02,서울,의료,931285266,18142
2024-02,서울,교육,562118614,12657
2024-02,서울,공과금,490638515,16018
2024-02,서울,여행,532522789,10508
2024-02,경기,식음료,425273281,27331
2024-02,경기,쇼핑,125575577,3526
2024-02,경기,교통,388220281,9190
2024-02,경기,문화/여가,422470957,7767
2024-02,경기,의료,159081637,4634
2024-02,경기,교육,486734550,8866
2024-02,경기,공과금,960584233,16853
2024-02,경기,여행,597169886,33816
2024-02,부산,식음료,241591512,6385
2024-02,부산,쇼핑,90118490,1908
2024-02,부산,교통,127935892,2328
2024-02,부산,문화/여가,57025493,3372
2024-02,부산,의료,274589973,12077
2024-02,부산,교육,67848457,1150
2024-02,부산,공과금,197617668,10386
2024-02,부산,여행,264572869,4630
2024-02,인천,식음료,67896955,3285
2024-02,인천,쇼핑,91511585,3856
2024-02,인천,교통,226329780,11352
2024-02,인천,문화/여가,75060650,1369
2024-02,인천,의료,153917954,2832
2024-02,인천,교육,131108920,5750
2024-02,인천,공과금,142146036,2391
2024-02,인천,여행,72167552,1956
2024-02,대구,식음료,34569670,1224
2024-02,대구,쇼핑,145428806,3060
2024-02,대구,교통,124025108,2829
2024-02,대구,문화/여가,61222767,1322
2024-02,대구,의료,87888418,1917
2024-02,대구,교육,83852515,1430
2024-02,대구,공과금,43366001,2581
2024-02,대구,여행,34498256,902
2024-02,대전,식음료,24716311,523
2024-02,대전,쇼핑,69151896,2913
2024-02,대전,교통,29754223,517
2024-02,대전,문화/여가,95951960,2163
2024-02,대전,의료,32340196,683
2024-02,대전,교육,39045294,1550
2024-02,대전,공과금,38019270,681
2024-02,대전,여행,51880920,876
2024-02,광주,식음료,85416027,1424
2024-02,광주,쇼핑,66396835,1494
2024-02,광주,교통,48652964,938
2024-02,광주,문화/여가,116654001,6966
2024-02,광주,의료,57962241,1481
2024-02,광주,교육,47111817,2823
2024-02,광주,공과금,44283150,981
2024-02,광주,여행,19495852,507
2024-02,울산,식음료,43982801,2238
2024-02,울산,쇼핑,37434832,1489
2024-02,울산,교통,76293233,3141
2024-02,울산,문화/여가,16710936,520
2024-02,울산,의료,26519608,824
2024-02,울산,교육,24359227,617
2024-02,울산,공과금,14724215,281
2024-02,울산,여행,17647822,338
2024-02,세종,식음료,6409299,295
2024-02,세종,쇼핑,10931151,186
2024-02,세종,교통,10424592,444
2024-02,세종,문화/여가,28444718,1881
2024-02,세종,의료,22446714,810
2024-02,세종,교육,12509966,389
2024-02,세종,공과금,35082338,614
2024-02,세종,여행,19798417,720
2024-02,강원,식음료,38578668,679
2024-02,강원,쇼핑,28749016,546
2024-02,강원,교통,114059384,5143
2024-02,강원,문화/여가,6459127,118
2024-02,강원,의료,41517215,1057
2024-02,강원,교육,55175284,1468
2024-02,강원,공과금,70438351,3214
2024-02,강원,여행,59218602,1031
2024-02,충북,식음료,63266721,1280
2024-02,충북,쇼핑,5932463,196
2024-02,충북,교통,47731438,818
2024-02,충북,문화/여가,29755796,784
2024-02,충북,의료,10169104,179
2024-02,충북,교육,33882361,861
2024-02,충북,공과금,13551550,372
2024-02,충북,여행,53302314,1918
2024-02,충남,식음료,98784644,2399
2024-02,충남,쇼핑,45497938,1275
2024-02,충남,교통,54329986,1312
2024-02,충남,문화/여가,70071271,2701
2024-02,충남,의료,49660465,894
2024-02,충남,교육,57158367,1050
2024-02,충남,공과금,38417595,1002
2024-02,충남,여행,56156023,1469
2024-02,전북,식음료,12952735,512
2024-02,전북,쇼핑,8476982,509
2024-02,전북,교통,24112233,431
2024-02,전북,문화/여가,31910342,901
2024-02,전북,의료,11857624,566
2024-02,전북,교육,47183399,863
2024-02,전북,공과금,47233487,1361
2024-02,전북,여행,42114243,2763
2024-02,전남,식음료,20875391,411
2024-02,전남,쇼핑,36297123,612
2024-02,전남,교통,71653389,2177
2024-02,전남,문화/여가,21101412,599
2024-02,전남,의료,33323742,744
2024-02,전남,교육,76128891,1367
2024-02,전남,공과금,15584053,302
2024-02,전남,여행,45048103,2587
2024-02,경북,식음료,45970678,1476
2024-02,경북,쇼핑,17523206,533
2024-02,경북,교통,42039848,710
2024-02,경북,문화/여가,96877580,1711
2024-02,경북,의료,79171731,3058
2024-02,경북,교육,97085157,3595
2024-02,경북,공과금,86844771,3250
2024-02,경북,여행,25937345,1510
2024-02,경남,식음료,40538730,1309
2024-02,경남,쇼핑,32885387,1095
2024-02,경남,교통,60205912,1236
2024-02,경남,문화/여가,94159880,1894
2024-02,경남,의료,53279306,1525
2024-02,경남,교육,52407460,3263
2024-02,경남,공과금,18053628,355
2024-02,경남,여행,107489894,3442
2024-02,제주,식음료,50594124,2263
2024-02,제주,쇼핑,6427689,368
2024-02,제주,교통,9419583,348
2024-02,제주,문화/여가,28936180,978
2024-02,제주,의료,61204218,1762
2024-02,제주,교육,58773939,1355
2024-02,제주,공과금,51220407,1585
2024-02,제주,여행,43296274,1142
2024-03,서울,식음료,455255373,18459
2024-03,서울,쇼핑,859951052,14852
2024-03,서울,교통,666330957,23470
2024-03,서울,문화/여가,955553764,34841
2024-03,서울,의료,559507440,9721
2024-03,서울,교육,545091570,25580
2024-03,서울,공과금,623244487,17345
2024-03,서울,여행,403029339,11195
2024-03,경기,식음료,538833278,9801
2024-03,경기,쇼핑,839468522,22621
2024-03,경기,교통,121452951,3103
2024-03,경기,문화/여가,377347067,24664
2024-03,경기,의료,665641693,11787
2024-03,경기,교육,1085751432,29219
2024-03,경기,공과금,611468308,15253
2024-03,경기,여행,319449368,7525
2024-03,부산,식음료,114375954,5582
2024-03,부산,쇼핑,115489673,4040
2024-03,부산,교통,34099926,842
2024-03,부산,문화/여가,97435958,4724
2024-03,부산,의료,134377156,6315
2024-03,부산,교육,166664703,5077
2024-03,부산,공과금,232580304,4112
2024-03,부산,여행,148798599,2632
2024-03,인천,식음료,148719075,2579
2024-03,인천,쇼핑,112817806,2540
2024-03,인천,교통,134774252,2312
2024-03,인천,문화/여가,90975407,2005
2024-03,인천,의료,165503763,3424
2024-03,인천,교육,235422636,4626
2024-03,인천,공과금,119442785,2263
2024-03,인천,여행,99936988,4578
2024-03,대구,식음료,19088247,858
2024-03,대구,쇼핑,135239031,5013
2024-03,대구,교통,81971729,2386
2024-03,대구,문화/여가,57203483,1566
2024-03,대구,의료,30615162,1520
2024-03,대구,교육,64041228,2184
2024-03,대구,공과금,115822888,2153
2024-03,대구,여행,63576616,2854
2024-03,대전,식음료,151277933,2723
2024-03,대전,쇼핑,81677023,1525
2024-03,대전,교통,20786462,381
2024-03,대전,문화/여가,33890482,579
2024-03,대전,의료,87959748,1725
2024-03,대전,교육,56391911,2166
2024-03,대전,공과금,5485335,196
2024-03,대전,여행,71018421,2570
2024-03,광주,식음료,202466105,9435
2024-03,광주,쇼핑,10115364,662
2024-03,광주,교통,71902866,1264
2024-03,광주,문화/여가,42574741,2301
2024-03,광주,의료,62725130,2827
2024-03,광주,교육,37279493,874
2024-03,광주,공과금,158179308,3103
2024-03,광주,여행,35780139,1601
2024-03,울산,식음료,83976322,2323
2024-03,울산,쇼핑,41410007,1196
2024-03,울산,교통,57189707,1024
2024-03,울산,문화/여가,12727495,415
2024-03,울산,의료,77640506,3267
2024-03,울산,교육,52054552,2835
2024-03,울산,공과금,42250739,1121
2024-03,울산,여행,35302844,823
2024-03,세종,식음료,11126071,253
2024-03,세종,쇼핑,5246677,216
2024-03,세종,교통,28912554,731
2024-03,세종,문화/여가,28437114,1391
2024-03,세종,의료,18997971,329
2024-03,세종,교육,13314568,398
2024-03,세종,공과금,13143836,353
2024-03,세종,여행,6382927,185
2024-03,강원,식음료,39696584,1041
2024-03,강원,쇼핑,44322312,1797
2024-03,강원,교통,26072345,1504
2024-03,강원,문화/여가,19076986,359
2024-03,강원,의료,65725079,1097
2024-03,강원,교육,46465228,837
2024-03,강원,공과금,36160078,735
2024-03,강원,여행,28430630,513
2024-03,충북,식음료,26172972,1408
2024-03,충북,쇼핑,70601447,2029
2024-03,충북,교통,40866114,925
2024-03,충북,문화/여가,33481836,796
2024-03,충북,의료,35263580,900
2024-03,충북,교육,87699925,4312
2024-03,충북,공과금,76706669,1280
2024-03,충북,여행,54017174,2267
2024-03,충남,식음료,156944085,2949
2024-03,충남,쇼핑,27869509,902
2024-03,충남,교통,67226158,1549
2024-03,충남,문화/여가,40878298,794
2024-03,충남,의료,93314742,5958
2024-03,충남,교육,57883579,1173
2024-03,충남,공과금,48612576,1395
2024-03,충남,여행,41565986,2562
2024-03,전북,식음료,39422317,756
2024-03,전북,쇼핑,34211085,732
2024-03,전북,교통,59568881,3105
2024-03,전북,문화/여가,34296373,1999
2024-03,전북,의료,29344120,655
2024-03,전북,교육,49690375,1101
2024-03,전북,공과금,14101326,251
2024-03,전북,여행,36359582,676
2024-03,전남,식음료,43903628,1284
2024-03,전남,쇼핑,35829502,911
2024-03,전남,교통,36616981,1195
2024-03,전남,문화/여가,49514013,1078
2024-03,전남,의료,37861051,641
2024-03,전남,교육,69923988,2238
2024-03,전남,공과금,129347237,2415
2024-03,전남,여행,24180647,607
2024-03,경북,식음료,36034625,721
2024-03,경북,쇼핑,69158823,1336
2024-03,경북,교통,41626740,853
2024-03,경북,문화/여가,23084165,547
2024-03,경북,의료,70078521,1372
2024-03,경북,교육,47941063,1077
2024-03,경북,공과금,48382761,915
2024-03,경북,여행,57545295,1501
2024-03,경남,식음료,147200960,4296
2024-03,경남,쇼핑,123515411,6728
2024-03,경남,교통,60115251,1649
2024-03,경남,문화/여가,28592245,1866
2024-03,경남,의료,38876612,1291
2024-03,경남,교육,129184572,4476
2024-03,경남,공과금,40438852,1387
2024-03,경남,여행,102513838,3614
2024-03,제주,식음료,25793497,1269
2024-03,제주,쇼핑,29197768,567
2024-03,제주,교통,50459335,967
2024-03,제주,문화/여가,18219756,508
2024-03,제주,의료,39391082,824
2024-03,제주,교육,63173645,1594
2024-03,제주,공과금,24859447,986
2024-03,제주,여행,23999441,891
2024-04,서울,식음료,1122940632,61581
2024-04,서울,쇼핑,563153454,9758
2024-04,서울,교통,508063115,10544
2024-04,서울,문화/여가,348635672,8865
2024-04,서울,의료,508781574,13101
2024-04,서울,교육,333605053,10252
2024-04,서울,공과금,505754637,15466
2024-04,서울,여행,345267345,7095
2024-04,경기,식음료,224128217,3987
2024-04,경기,쇼핑,234456702,5040
2024-04,경기,교통,319170508,19086
2024-04,경기,문화/여가,912166138,19176
2024-04,경기,의료,436928822,15180
2024-04,경기,교육,283461031,15634
2024-04,경기,공과금,247434156,14745
2024-04,경기,여행,552796230,16446
2024-04,부산,식음료,103878399,2973
2024-04,부산,쇼핑,64420017,2511
2024-04,부산,교통,76402194,1396
2024-04,부산,문화/여가,110700965,2800
2024-04,부산,의료,125758206,2246
2024-04,부산,교육,174321140,3855
2024-04,부산,공과금,64351124,2211
2024-04,부산,여행,163954498,3506
2024-04,인천,식음료,17011249,410
2024-04,인천,쇼핑,90541725,2727
2024-04,인천,교통,118128114,2969
2024-04,인천,문화/여가,193164144,5402
2024-04,인천,의료,167648292,10906
2024-04,인천,교육,106581085,2008
2024-04,인천,공과금,45627643,1045
2024-04,인천,여행,105748776,3637
2024-04,대구,식음료,101289780,3028
2024-04,대구,쇼핑,166202484,2874
2024-04,대구,교통,120942375,2604
2024-04,대구,문화/여가,128225139,7911
2024-04,대구,의료,128222521,2787
2024-04,대구,교육,170319341,3029
2024-04,대구,공과금,312329604,5861
2024-04,대구,여행,211717220,3562
2024-04,대전,식음료,92343047,3421
2024-04,대전,쇼핑,65429748,2034
2024-04,대전,교통,54968494,3221
2024-04,대전,문화/여가,78152752,2864
2024-04,대전,의료,51009624,968
2024-04,대전,교육,60453792,1788
2024-04,대전,공과금,63480683,1475
2024-04,대전,여행,27320620,1484
2024-04,광주,식음료,35726868,2058
2024-04,광주,쇼핑,49795398,1087
2024-04,광주,교통,50479014,3315
2024-04,광주,문화/여가,59557743,1937
2024-04,광주,의료,23998754,436
2024-04,광주,교육,105559294,4350
2024-04,광주,공과금,105703165,2127
2024-04,광주,여행,54155710,1235
2024-04,울산,식음료,14875602,494
2024-04,울산,쇼핑,38322317,765
2024-04,울산,교통,9027535,209
2024-04,울산,문화/여가,24518784,886
2024-04,울산,의료,26211035,652
2024-04,울산,교육,87490675,5148
2024-04,울산,공과금,24639930,853
2024-04,울산,여행,36713167,1767
2024-04,세종,식음료,14207818,289
2024-04,세종,쇼핑,7075425,127
2024-04,세종,교통,17224810,311
2024-04,세종,문화/여가,11197992,250
2024-04,세종,의료,17790834,454
2024-04,세종,교육,14664495,383
2024-04,세종,공과금,22302993,632
2024-04,세종,여행,17019124,606
2024-04,강원,식음료,27898382,637
2024-04,강원,쇼핑,75630608,1637
2024-04,강원,교통,13711254,819
2024-04,강원,문화/여가,5622823,232
2024-04,강원,의료,91039328,1664
2024-04,강원,교육,14969503,365
2024-04,강원,공과금,45205747,2396
2024-04,강원,여행,65598063,1463
2024-04,충북,식음료,25855168,632
2024-04,충북,쇼핑,35280898,1492
2024-04,충북,교통,47155980,827
2024-04,충북,문화/여가,37842145,953
2024-04,충북,의료,48954353,819
2024-04,충북,교육,12898221,521
2024-04,충북,공과금,31571175,961
2024-04,충북,여행,32858228,1236
2024-04,충남,식음료,64049802,1079
2024-04,충남,쇼핑,20549763,403
2024-04,충남,교통,50633699,1499
2024-04,충남,문화/여가,26911379,1108
2024-04,충남,의료,42442530,1615
2024-04,충남,교육,51699911,1081
2024-04,충남,공과금,112095654,2082
2024-04,충남,여행,33051753,669
2024-04,전북,식음료,21324018,368
2024-04,전북,쇼핑,64398977,1155
2024-04,전북,교통,14749962,419
2024-04,전북,문화/여가,51106227,1577
2024-04,전북,의료,55017522,1005
2024-04,전북,교육,10103538,285
2024-04,전북,공과금,28983884,1276
2024-04,전북,여행,55663419,1420
2024-04,전남,식음료,105228648,2219
2024-04,전남,쇼핑,49858774,886
2024-04,전남,교통,27999439,665
2024-04,전남,문화/여가,35502221,630
2024-04,전남,의료,61444530,1378
2024-04,전남,교육,44556545,869
2024-04,전남,공과금,32199668,1395
2024-04,전남,여행,31217653,522
2024-04,경북,식음료,25504182,617
2024-04,경북,쇼핑,103248934,3021
2024-04,경북,교통,70120577,1954
2024-04,경북,문화/여가,141302648,3708
2024-04,경북,의료,38524828,1459
2024-04,경북,교육,38253202,1562
2024-04,경북,공과금,17973220,383
2024-04,경북,여행,25209592,766
2024-04,경남,식음료,139836492,3580
2024-04,경남,쇼핑,100752314,2395
2024-04,경남,교통,103570397,2027
2024-04,경남,문화/여가,164206848,3843
2024-04,경남,의료,35871059,613
2024-04,경남,교육,112347830,2723
2024-04,경남,공과금,58032233,2012
2024-04,경남,여행,40397722,914
2024-04,제주,식음료,25294700,624
2024-04,제주,쇼핑,79449842,2758
2024-04,제주,교통,41428539,960
2024-04,제주,문화/여가,41268849,1343
2024-04,제주,의료,50578210,1004
2024-04,제주,교육,72858522,1631
2024-04,제주,공과금,33668636,571
2024-04,제주,여행,24345662,709
2024-05,서울,식음료,282483471,11234
2024-05,서울,쇼핑,378556584,8506
2024-05,서울,교통,151224632,4073
2024-05,서울,문화/여가,903127339,15076
2024-05,서울,의료,667617514,36821
2024-05,서울,교육,190661614,3970
2024-05,서울,공과금,167397429,3087
2024-05,서울,여행,479537959,11020
2024-05,경기,식음료,194868164,3579
2024-05,경기,쇼핑,612515940,11235
2024-05,경기,교통,439873639,20149
2024-05,경기,문화/여가,663297850,17909
2024-05,경기,의료,101008255,3282
2024-05,경기,교육,592193899,17689
2024-05,경기,공과금,610030281,16628
2024-05,경기,여행,220772219,10936
2024-05,부산,식음료,243449043,6734
2024-05,부산,쇼핑,62410161,2148
2024-05,부산,교통,111900732,2657
2024-05,부산,문화/여가,132728074,5425
2024-05,부산,의료,444454790,23273
2024-05,부산,교육,106803286,6578
2024-05,부산,공과금,104851068,3971
2024-05,부산,여행,291972784,15523
2024-05,인천,식음료,298990612,13240
2024-05,인천,쇼핑,173011134,5728
2024-05,인천,교통,100557490,3257
2024-05,인천,문화/여가,104069500,2390
2024-05,인천,의료,68142456,1830
2024-05,인천,교육,54588620,1258
2024-05,인천,공과금,205874917,7811
2024-05,인천,여행,352431514,9671
2024-05,대구,식음료,69099211,1212
2024-05,대구,쇼핑,44999377,815
2024-05,대구,교통,94896163,1774
2024-05,대구,문화/여가,131566950,4145
2024-05,대구,의료,25099203,584
2024-05,대구,교육,64189152,2398
2024-05,대구,공과금,163643871,2810
2024-05,대구,여행,38597927,679
2024-05,대전,식음료,84628793,2762
2024-05,대전,쇼핑,76515093,1889
2024-05,대전,교통,44019166,844
2024-05,대전,문화/여가,14614654,407
2024-05,대전,의료,11006771,695
2024-05,대전,교육,18820950,415
2024-05,대전,공과금,67363928,2808
2024-05,대전,여행,48601346,873
2024-05,광주,식음료,103689117,2775
2024-05,광주,쇼핑,176846159,6764
2024-05,광주,교통,35882366,1544
2024-05,광주,문화/여가,25009458,438
2024-05,광주,의료,27010777,787
2024-05,광주,교육,58913653,1075
2024-05,광주,공과금,55176830,1278
2024-05,광주,여행,70783521,3720
2024-05,울산,식음료,5872659,219
2024-05,울산,쇼핑,20141981,1090
2024-05,울산,교통,54859689,1107
2024-05,울산,문화/여가,18193396,590
2024-05,울산,의료,44922579,984
2024-05,울산,교육,73298232,1263
2024-05,울산,공과금,54594183,2645
2024-05,울산,여행,22068955,665
2024-05,세종,식음료,7491607,147
2024-05,세종,쇼핑,23227182,554
2024-05,세종,교통,17672661,347
2024-05,세종,문화/여가,13888917,354
2024-05,세종,의료,12953531,271
2024-05,세종,교육,42245469,822
2024-05,세종,공과금,16132351,738
2024-05,세종,여행,27636064,596
2024-05,강원,식음료,37928980,640
2024-05,강원,쇼핑,91164424,2265
2024-05,강원,교통,30062930,606
2024-05,강원,문화/여가,70233029,2770
2024-05,강원,의료,37600492,1678
2024-05,강원,교육,40878669,860
2024-05,강원,공과금,55902389,1689
2024-05,강원,여행,19716540,404
2024-05,충북,식음료,22961509,482
2024-05,충북,쇼핑,34049001,941
2024-05,충북,교통,34633654,1000
2024-05,충북,문화/여가,19040043,752
2024-05,충북,의료,71537101,1830
2024-05,충북,교육,31211156,1396
2024-05,충북,공과금,13976146,826
2024-05,충북,여행,67765338,1253
2024-05,충남,식음료,142651124,2692
2024-05,충남,쇼핑,33548510,562
2024-05,충남,교통,10535001,219
2024-05,충남,문화/여가,74160521,4525
2024-05,충남,의료,47522442,1151
2024-05,충남,교육,52898100,1646
2024-05,충남,공과금,24823496,531
2024-05,충남,여행,44141993,866
2024-05,전북,식음료,46215594,858
2024-05,전북,쇼핑,36866002,654
2024-05,전북,교통,34587076,911
2024-05,전북,문화/여가,22060668,375
2024-05,전북,의료,25314446,480
2024-05,전북,교육,20724393,1239
2024-05,전북,공과금,14327083,425
2024-05,전북,여행,36361894,819
2024-05,전남,식음료,76904639,4396
2024-05,전남,쇼핑,34476858,2055
2024-05,전남,교통,36911288,1504
2024-05,전남,문화/여가,72411247,3073
2024-05,전남,의료,32637586,956
2024-05,전남,교육,51318081,2429
2024-05,전남,공과금,73782234,2631
2024-05,전남,여행,56895595,2879
2024-05,경북,식음료,78444804,4550
2024-05,경북,쇼핑,36550242,1229
2024-05,경북,교통,83022863,2343
2024-05,경북,문화/여가,89378339,5915
2024-05,경북,의료,43543656,1124
2024-05,경북,교육,93534717,3116
2024-05,경북,공과금,56413263,2330
2024-05,경북,여행,39669029,920
2024-05,경남,식음료,118956598,2393
2024-05,경남,쇼핑,129388442,3861
2024-05,경남,교통,66519845,1726
2024-05,경남,문화/여가,104713730,2188
2024-05,경남,의료,32557120,1403
2024-05,경남,교육,40714693,936
2024-05,경남,공과금,45713160,1291
2024-05,경남,여행,96095338,5384
2024-05,제주,식음료,39246724,773
2024-05,제주,쇼핑,29449452,726
2024-05,제주,교통,13304288,246
2024-05,제주,문화/여가,28980937,1856
2024-05,제주,의료,125952772,3903
2024-05,제주,교육,20015024,759
2024-05,제주,공과금,21368820,617
2024-05,제주,여행,36653892,1150
2024-06,서울,식음료,592497159,10487
2024-06,서울,쇼핑,502668896,11634
2024-06,서울,교통,270879301,8261
2024-06,서울,문화/여가,565696056,13955
2024-06,서울,의료,452755049,8058
2024-06,서울,교육,560610271,10492
2024-06,서울,공과금,223050957,4247
2024-06,서울,여행,901894135,29210
2024-06,경기,식음료,289312033,10589
2024-06,경기,쇼핑,469500243,9540
2024-06,경기,교통,402945076,7599
2024-06,경기,문화/여가,189319525,6851
2024-06,경기,의료,228701445,10001
2024-06,경기,교육,758516945,22270
2024-06,경기,공과금,523313955,9739
2024-06,경기,여행,356069239,9690
2024-06,부산,식음료,269400341,7243
2024-06,부산,쇼핑,113749701,4707
2024-06,부산,교통,83250923,2197
2024-06,부산,문화/여가,70849654,2747
2024-06,부산,의료,25706051,1229
2024-06,부산,교육,115360724,4938
2024-06,부산,공과금,49645406,948
2024-06,부산,여행,173831525,6686
2024-06,인천,식음료,151280231,4150
2024-06,인천,쇼핑,76832437,4739
2024-06,인천,교통,62138403,2219
2024-06,인천,문화/여가,81759103,1905
2024-06,인천,의료,167207795,10232
2024-06,인천,교육,43880928,827
2024-06,인천,공과금,157192422,4650
2024-06,인천,여행,6119185,130
2024-06,대구,식음료,132230161,2704
2024-06,대구,쇼핑,211760791,6494
2024-06,대구,교통,59109913,2241
2024-06,대구,문화/여가,40098843,1369
2024-06,대구,의료,63969275,1817
2024-06,대구,교육,23894454,1199
2024-06,대구,공과금,188778479,5216
2024-06,대구,여행,160355684,3348
2024-06,대전,식음료,19873114,393
2024-06,대전,쇼핑,42788143,964
2024-06,대전,교통,43830214,2764
2024-06,대전,문화/여가,11063889,628
2024-06,대전,의료,73825159,1758
2024-06,대전,교육,51129282,2185
2024-06,대전,공과금,72504623,4348
2024-06,대전,여행,55961613,1476
2024-06,광주,식음료,84834098,3536
2024-06,광주,쇼핑,19035564,727
2024-06,광주,교통,107101902,1920
2024-06,광주,문화/여가,116754135,3704
2024-06,광주,의료,159918496,4071
2024-06,광주,교육,43280662,2384
2024-06,광주,공과금,20165518,916
2024-06,광주,여행,54967367,2108
2024-06,울산,식음료,57517478,1295
2024-06,울산,쇼핑,31932628,558
2024-06,울산,교통,34552345,983
2024-06,울산,문화/여가,38646461,1776
2024-06,울산,의료,16639079,302
2024-06,울산,교육,37922674,1118
2024-06,울산,공과금,11510890,217
2024-06,울산,여행,67997033,2424
2024-06,세종,식음료,18413433,1068
2024-06,세종,쇼핑,20364278,476
2024-06,세종,교통,13582408,414
2024-06,세종,문화/여가,17717819,457
2024-06,세종,의료,12635725,292
2024-06,세종,교육,3368057,206
2024-06,세종,공과금,12715082,506
2024-06,세종,여행,32002431,1077
2024-06,강원,식음료,21840350,365
2024-06,강원,쇼핑,12945357,313
2024-06,강원,교통,6540513,141
2024-06,강원,문화/여가,57720327,1718
2024-06,강원,의료,76092239,1708
2024-06,강원,교육,30685526,1018
2024-06,강원,공과금,27031172,451
2024-06,강원,여행,50610425,3349
2024-06,충북,식음료,56659950,2464
2024-06,충북,쇼핑,99206119,4753
2024-06,충북,교통,7447416,323
2024-06,충북,문화/여가,57492251,2806
2024-06,충북,의료,46134869,1179
2024-06,충북,교육,33828922,1688
2024-06,충북,공과금,82528683,4142
2024-06,충북,여행,74367405,1322
2024-06,충남,식음료,66376708,1206
2024-06,충남,쇼핑,91303173,2351
2024-06,충남,교통,32053847,979
2024-06,충남,문화/여가,17843243,401
2024-06,충남,의료,45797621,1486
2024-06,충남,교육,27825587,514
2024-06,충남,공과금,45735108,1087
2024-06,충남,여행,31678064,2042
2024-06,전북,식음료,67561007,1126
2024-06,전북,쇼핑,22303075,407
2024-06,전북,교통,63123531,1192
2024-06,전북,문화/여가,22026093,596
2024-06,전북,의료,35668544,1590
2024-06,전북,교육,53292976,1175
2024-06,전북,공과금,62533658,1951
2024-06,전북,여행,10792767,272
2024-06,전남,식음료,30672244,633
2024-06,전남,쇼핑,38799712,851
2024-06,전남,교통,45822565,949
2024-06,전남,문화/여가,58605235,1083
2024-06,전남,의료,30308728,739
2024-06,전남,교육,54228436,3381
2024-06,전남,공과금,50265143,1028
2024-06,전남,여행,19558838,548
2024-06,경북,식음료,31298838,748
2024-06,경북,쇼핑,138715125,6866
2024-06,경북,교통,107697663,1925
2024-06,경북,문화/여가,71884910,3381
2024-06,경북,의료,40556966,687
2024-06,경북,교육,27104394,495
2024-06,경북,공과금,39165010,2087
2024-06,경북,여행,47483638,950
2024-06,경남,식음료,47104726,1040
2024-06,경남,쇼핑,96092435,1813
2024-06,경남,교통,56233720,2269
2024-06,경남,문화/여가,78157259,3077
2024-06,경남,의료,39500574,1740
2024-06,경남,교육,50888364,1730
2024-06,경남,공과금,64864163,2673
2024-06,경남,여행,195867236,6309
2024-06,제주,식음료,47824144,990
2024-06,제주,쇼핑,48769906,830
2024-06,제주,교통,65244054,3274
2024-06,제주,문화/여가,55970925,1497
2024-06,제주,의료,10680270,406
2024-06,제주,교육,56983096,1109
2024-06,제주,공과금,31612649,852
2024-06,제주,여행,12993364,718
2024-07,서울,식음료,322196521,7353
2024-07,서울,쇼핑,331974743,9773
2024-07,서울,교통,1472541511,29112
2024-07,서울,문화/여가,370525773,7621
2024-07,서울,의료,661520659,19568
2024-07,서울,교육,499582206,9303
2024-07,서울,공과금,256602086,5898
2024-07,서울,여행,417544424,14439
2024-07,경기,식음료,310693833,17685
2024-07,경기,쇼핑,356083306,6913
2024-07,경기,교통,340795200,6709
2024-07,경기,문화/여가,622969188,12840
2024-07,경기,의료,657308283,11662
2024-07,경기,교육,575426009,12105
2024-07,경기,공과금,83535719,2304
2024-07,경기,여행,362531500,9923
2024-07,부산,식음료,148693575,2522
2024-07,부산,쇼핑,62194246,1088
2024-07,부산,교통,97473926,2167
2024-07,부산,문화/여가,44351026,760
2024-07,부산,의료,227058132,4037
2024-07,부산,교육,84669744,2065
2024-07,부산,공과금,193059740,4473
2024-07,부산,여행,114390481,3643
2024-07,인천,식음료,69904785,1200
2024-07,인천,쇼핑,166132027,3560
2024-07,인천,교통,153295808,5910
2024-07,인천,문화/여가,44363599,1165
2024-07,인천,의료,178484787,6574
2024-07,인천,교육,175713740,5905
2024-07,인천,공과금,171380925,3417
2024-07,인천,여행,108285564,3837
2024-07,대구,식음료,83507247,2442
2024-07,대구,쇼핑,152715444,3280
2024-07,대구,교통,49234508,913
2024-07,대구,문화/여가,62320906,2815
2024-07,대구,의료,124029895,2489
2024-07,대구,교육,74760833,2409
2024-07,대구,공과금,143513463,5516
2024-07,대구,여행,34005159,1220
2024-07,대전,식음료,42687156,1002
2024-07,대전,쇼핑,98881947,2581
2024-07,대전,교통,36702874,622
2024-07,대전,문화/여가,50502296,1779
2024-07,대전,의료,37517359,1929
2024-07,대전,교육,34458840,613
2024-07,대전,공과금,41248749,791
2024-07,대전,여행,158113117,3282
2024-07,광주,식음료,59032066,1910
2024-07,광주,쇼핑,52833805,1800
2024-07,광주,교통,49162677,1191
2024-07,광주,문화/여가,41157504,933
2024-07,광주,의료,55546660,1730
2024-07,광주,교육,43547645,735
2024-07,광주,공과금,79043076,1546
2024-07,광주,여행,17739321,815
2024-07,울산,식음료,30220112,1368
2024-07,울산,쇼핑,29767582,628
2024-07,울산,교통,29207115,783
2024-07,울산,문화/여가,44728798,2389
2024-07,울산,의료,21395223,1110
2024-07,울산,교육,28116894,624
2024-07,울산,공과금,44694648,1056
2024-07,울산,여행,14645784,381
2024-07,세종,식음료,22633487,456
2024-07,세종,쇼핑,31076164,528
2024-07,세종,교통,4017872,171
2024-07,세종,문화/여가,7540611,190
2024-07,세종,의료,23506733,409
2024-07,세종,교육,18190493,621
2024-07,세종,공과금,23279207,627
2024-07,세종,여행,11241084,436
2024-07,강원,식음료,31666638,1256
2024-07,강원,쇼핑,12665762,385
2024-07,강원,교통,21129000,595
2024-07,강원,문화/여가,34236762,574
2024-07,강원,의료,24893486,1132
2024-07,강원,교육,13085489,219
2024-07,강원,공과금,58429250,1735
2024-07,강원,여행,32762491,799
2024-07,충북,식음료,39671067,943
2024-07,충북,쇼핑,25695683,652
2024-07,충북,교통,23306815,594
2024-07,충북,문화/여가,47783716,1243
2024-07,충북,의료,36052213,2401
2024-07,충북,교육,25690036,1261
2024-07,충북,공과금,41248087,1394
2024-07,충북,여행,41087429,1224
2024-07,충남,식음료,40233625,921
2024-07,충남,쇼핑,31531065,1538
2024-07,충남,교통,37431459,2318
2024-07,충남,문화/여가,53452720,1861
2024-07,충남,의료,66460422,2695
2024-07,충남,교육,13377451,759
2024-07,충남,공과금,60292731,2593
2024-07,충남,여행,136444005,2880
2024-07,전북,식음료,67413975,2103
2024-07,전북,쇼핑,81725694,3678
2024-07,전북,교통,36111665,1029
2024-07,전북,문화/여가,40061662,799
2024-07,전북,의료,52064445,902
2024-07,전북,교육,7800423,167
2024-07,전북,공과금,52941543,1960
2024-07,전북,여행,55438747,3386
2024-07,전남,식음료,55272887,924
2024-07,전남,쇼핑,76671709,2110
2024-07,전남,교통,13046093,527
2024-07,전남,문화/여가,19245981,589
2024-07,전남,의료,25532040,519
2024-07,전남,교육,22772449,504
2024-07,전남,공과금,67899183,1478
2024-07,전남,여행,17880277,1085
2024-07,경북,식음료,6250514,176
2024-07,경북,쇼핑,14434522,349
2024-07,경북,교통,28912743,881
2024-07,경북,문화/여가,22359828,853
2024-07,경북,의료,43715769,1150
2024-07,경북,교육,25638364,474
2024-07,경북,공과금,67879652,1529
2024-07,경북,여행,37343541,1231
2024-07,경남,식음료,91379138,2768
2024-07,경남,쇼핑,39130617,896
2024-07,경남,교통,38935696,1971
2024-07,경남,문화/여가,52048520,1092
2024-07,경남,의료,49450789,919
2024-07,경남,교육,19605708,677
2024-07,경남,공과금,88560020,1513
2024-07,경남,여행,64291615,2774
2024-07,제주,식음료,14765486,359
2024-07,제주,쇼핑,58471149,1637
2024-07,제주,교통,37841599,1141
2024-07,제주,문화/여가,24014825,429
2024-07,제주,의료,30301691,941
2024-07,제주,교육,28495878,918
2024-07,제주,공과금,17743313,709
2024-07,제주,여행,21646121,367
2024-08,서울,식음료,288799970,6442
2024-08,서울,쇼핑,371628785,21069
2024-08,서울,교통,295416775,5242
2024-08,서울,문화/여가,438996682,7489
2024-08,서울,의료,178006332,3137
2024-08,서울,교육,427044953,11860
2024-08,서울,공과금,603486639,12274
2024-08,서울,여행,473690510,11621
2024-08,경기,식음료,179272727,9817
2024-08,경기,쇼핑,403568845,16721
2024-08,경기,교통,432888177,17425
2024-08,경기,문화/여가,83713710,2067
2024-08,경기,의료,585640252,33979
2024-08,경기,교육,234484722,4702
2024-08,경기,공과금,309869804,9057
2024-08,경기,여행,534703707,26659
2024-08,부산,식음료,70216907,4437
2024-08,부산,쇼핑,115869937,7524
2024-08,부산,교통,124756484,3983
2024-08,부산,문화/여가,132139667,3568
2024-08,부산,의료,83184764,3105
2024-08,부산,교육,206707802,5867
2024-08,부산,공과금,130909352,3240
2024-08,부산,여행,118555978,2455
2024-08,인천,식음료,62096229,1484
2024-08,인천,쇼핑,49406887,1747
2024-08,인천,교통,112948737,5126
2024-08,인천,문화/여가,182564066,3457
2024-08,인천,의료,51528907,1179
2024-08,인천,교육,62281431,3524
2024-08,인천,공과금,70407920,1917
2024-08,인천,여행,58344855,1161
2024-08,대구,식음료,46326945,947
2024-08,대구,쇼핑,82601304,3870
2024-08,대구,교통,107585014,2619
2024-08,대구,문화/여가,51359266,1076
2024-08,대구,의료,13927995,235
2024-08,대구,교육,61537385,1304
2024-08,대구,공과금,44967038,984
2024-08,대구,여행,51968783,2515
2024-08,대전,식음료,107020346,2556
2024-08,대전,쇼핑,73383837,2358
2024-08,대전,교통,100443833,2371
2024-08,대전,문화/여가,79450740,1610
2024-08,대전,의료,38272622,1976
2024-08,대전,교육,43873539,2764
2024-08,대전,공과금,21386927,428
2024-08,대전,여행,56367752,2811
2024-08,광주,식음료,37440775,2277
2024-08,광주,쇼핑,22648402,611
2024-08,광주,교통,60569351,2548
2024-08,광주,문화/여가,24728320,529
2024-08,광주,의료,39835500,761
2024-08,광주,교육,62786610,1345
2024-08,광주,공과금,77399505,1299
2024-08,광주,여행,49763069,1880
2024-08,울산,식음료,6504900,109
2024-08,울산,쇼핑,35696911,895
2024-08,울산,교통,34831506,776
2024-08,울산,문화/여가,30208410,1085
2024-08,울산,의료,22706582,548
2024-08,울산,교육,38950955,1144
2024-08,울산,공과금,25829956,847
2024-08,울산,여행,8620144,209
2024-08,세종,식음료,13517568,378
2024-08,세종,쇼핑,16849090,641
2024-08,세종,교통,14004167,368
2024-08,세종,문화/여가,15312716,344
2024-08,세종,의료,16158391,378
2024-08,세종,교육,25769612,456
2024-08,세종,공과금,16874894,441
2024-08,세종,여행,6173092,134
2024-08,강원,식음료,51693766,1581
2024-08,강원,쇼핑,11640468,762
2024-08,강원,교통,10722221,281
2024-08,강원,문화/여가,10348180,246
2024-08,강원,의료,40643487,741
2024-08,강원,교육,25769281,505
2024-08,강원,공과금,30952621,1093
2024-08,강원,여행,17801835,958
2024-08,충북,식음료,10136518,175
2024-08,충북,쇼핑,49218843,1150
2024-08,충북,교통,32403960,699
2024-08,충북,문화/여가,37541547,1392
2024-08,충북,의료,33050248,1165
2024-08,충북,교육,29661690,773
2024-08,충북,공과금,52032106,1284
2024-08,충북,여행,35574981,1103
2024-08,충남,식음료,95359363,2410
2024-08,충남,쇼핑,30700971,741
2024-08,충남,교통,87617881,2074
2024-08,충남,문화/여가,55607699,1446
2024-08,충남,의료,24502187,711
2024-08,충남,교육,52484474,1319
2024-08,충남,공과금,29738628,1077
2024-08,충남,여행,44041523,1014
2024-08,전북,식음료,7162139,459
2024-08,전북,쇼핑,77027391,1334
2024-08,전북,교통,104058516,3424
2024-08,전북,문화/여가,25389996,856
2024-08,전북,의료,44571403,750
2024-08,전북,교육,38204312,1160
2024-08,전북,공과금,18262257,464
2024-08,전북,여행,23056828,735
2024-08,전남,식음료,7859752,459
2024-08,전남,쇼핑,19088939,795
2024-08,전남,교통,6739418,285
2024-08,전남,문화/여가,11737976,286
2024-08,전남,의료,31553740,874
2024-08,전남,교육,13127064,400
2024-08,전남,공과금,34891267,788
2024-08,전남,여행,35008399,750
2024-08,경북,식음료,78530348,2482
2024-08,경북,쇼핑,62639517,1717
2024-08,경북,교통,42445558,845
2024-08,경북,문화/여가,67425371,1337
2024-08,경북,의료,117008952,2906
2024-08,경북,교육,80033617,4538
2024-08,경북,공과금,101045673,5986
2024-08,경북,여행,50940775,1932
2024-08,경남,식음료,35732023,631
2024-08,경남,쇼핑,86303625,1634
2024-08,경남,교통,29108906,521
2024-08,경남,문화/여가,40367034,862
2024-08,경남,의료,27495362,458
2024-08,경남,교육,34035006,596
2024-08,경남,공과금,26925015,682
2024-08,경남,여행,27934629,527
2024-08,제주,식음료,8864822,223
2024-08,제주,쇼핑,50546274,1209
2024-08,제주,교통,40321410,1076
2024-08,제주,문화/여가,27959189,775
2024-08,제주,의료,55297806,2094
2024-08,제주,교육,20464300,405
2024-08,제주,공과금,37158457,1209
2024-08,제주,여행,22596392,678
2024-09,서울,식음료,272572465,11635
2024-09,서울,쇼핑,524417372,14236
2024-09,서울,교통,220439803,5629
2024-09,서울,문화/여가,431339935,16242
2024-09,서울,의료,312704271,6106
2024-09,서울,교육,426044214,7862
2024-09,서울,공과금,701017010,14764
2024-09,서울,여행,142102993,2607
2024-09,경기,식음료,398558970,8370
2024-09,경기,쇼핑,172049519,3903
2024-09,경기,교통,155523725,5607
2024-09,경기,문화/여가,643817948,36869
2024-09,경기,의료,301248517,5118
2024-09,경기,교육,209742251,13001
2024-09,경기,공과금,373797735,7128
2024-09,경기,여행,300498879,19186
2024-09,부산,식음료,62974058,1397
2024-09,부산,쇼핑,50173544,948
2024-09,부산,교통,51289639,1120
2024-09,부산,문화/여가,71687215,2150
2024-09,부산,의료,35876167,941
2024-09,부산,교육,133788563,4288
2024-09,부산,공과금,83466274,1711
2024-09,부산,여행,89050401,2018
2024-09,인천,식음료,55101337,1324
2024-09,인천,쇼핑,77168895,1638
2024-09,인천,교통,74660055,1353
2024-09,인천,문화/여가,54819374,2193
2024-09,인천,의료,75321857,2957
2024-09,인천,교육,59676585,2189
2024-09,인천,공과금,60136679,2143
2024-09,인천,여행,137886580,2763
2024-09,대구,식음료,41848431,744
2024-09,대구,쇼핑,73539542,3093
2024-09,대구,교통,38190172,1156
2024-09,대구,문화/여가,118507334,2839
2024-09,대구,의료,65161910,1163
2024-09,대구,교육,104433121,1906
2024-09,대구,공과금,129583711,6001
2024-09,대구,여행,213164048,4070
2024-09,대전,식음료,48869252,1597
2024-09,대전,쇼핑,49468278,1338
2024-09,대전,교통,31348456,614
2024-09,대전,문화/여가,76612168,1914
2024-09,대전,의료,29301652,1947
2024-09,대전,교육,48892948,2837
2024-09,대전,공과금,92306427,2852
2024-09,대전,여행,35516292,1110
2024-09,광주,식음료,72433208,2520
2024-09,광주,쇼핑,67105262,3005
2024-09,광주,교통,30771239,672
2024-09,광주,문화/여가,100355747,5959
2024-09,광주,의료,93716908,4103
2024-09,광주,교육,40220648,1009
2024-09,광주,공과금,26651786,849
2024-09,광주,여행,61599630,1170
2024-09,울산,식음료,22175827,483
2024-09,울산,쇼핑,17984843,372
2024-09,울산,교통,17328554,835
2024-09,울산,문화/여가,23559767,1361
2024-09,울산,의료,43717562,1057
2024-09,울산,교육,64267299,2627
2024-09,울산,공과금,46348555,1161
2024-09,울산,여행,33035160,792
2024-09,세종,식음료,12093482,350
2024-09,세종,쇼핑,16987442,324
2024-09,세종,교통,8914386,362
2024-09,세종,문화/여가,12612907,267
2024-09,세종,의료,27241751,907
2024-09,세종,교육,22700606,1292
2024-09,세종,공과금,12206094,692
2024-09,세종,여행,6886590,384
2024-09,강원,식음료,42132301,1826
2024-09,강원,쇼핑,16510418,868
2024-09,강원,교통,19026601,384
2024-09,강원,문화/여가,27306743,526
2024-09,강원,의료,35959360,710
2024-09,강원,교육,22593442,988
2024-09,강원,공과금,34289314,703
2024-09,강원,여행,8322294,211
2024-09,충북,식음료,49806338,867
2024-09,충북,쇼핑,37117153,891
2024-09,충북,교통,37112716,635
2024-09,충북,문화/여가,10559389,225
2024-09,충북,의료,23260484,852
2024-09,충북,교육,31060101,588
2024-09,충북,공과금,9558428,456
2024-09,충북,여행,57909395,1128
2024-09,충남,식음료,127824174,4267
2024-09,충남,쇼핑,33544338,1743
2024-09,충남,교통,56239652,1932
2024-09,충남,문화/여가,4895007,250
2024-09,충남,의료,44697483,1411
2024-09,충남,교육,28517879,1316
2024-09,충남,공과금,38464811,862
2024-09,충남,여행,44572095,1361
2024-09,전북,식음료,16265629,846
2024-09,전북,쇼핑,10304505,274
2024-09,전북,교통,67385820,1941
2024-09,전북,문화/여가,79381134,1504
2024-09,전북,의료,12916438,562
2024-09,전북,교육,9065759,265
2024-09,전북,공과금,42484777,812
2024-09,전북,여행,13481207,727
2024-09,전남,식음료,11912671,206
2024-09,전남,쇼핑,45993658,1290
2024-09,전남,교통,29420012,669
2024-09,전남,문화/여가,19048967,347
2024-09,전남,의료,29597334,760
2024-09,전남,교육,41169280,697
2024-09,전남,공과금,23943500,519
2024-09,전남,여행,33376403,616
2024-09,경북,식음료,37033230,813
2024-09,경북,쇼핑,12062725,426
2024-09,경북,교통,48410139,1196
2024-09,경북,문화/여가,15970452,465
2024-09,경북,의료,42418534,2295
2024-09,경북,교육,57195378,1946
2024-09,경북,공과금,20263060,511
2024-09,경북,여행,84264740,2551
2024-09,경남,식음료,95261395,1718
2024-09,경남,쇼핑,38485712,1690
2024-09,경남,교통,63193787,1126
2024-09,경남,문화/여가,43935677,1256
2024-09,경남,의료,87978041,2396
2024-09,경남,교육,111404700,2067
2024-09,경남,공과금,9519231,237
2024-09,경남,여행,37643466,996
2024-09,제주,식음료,23574993,1362
2024-09,제주,쇼핑,16011503,439
2024-09,제주,교통,21738772,1378
2024-09,제주,문화/여가,2710642,63
2024-09,제주,의료,24440092,637
2024-09,제주,교육,16619363,592
2024-09,제주,공과금,27343206,642
2024-09,제주,여행,22744210,1171
2024-10,서울,식음료,1132248627,40993
2024-10,서울,쇼핑,132542687,6171
2024-10,서울,교통,277155620,5098
2024-10,서울,문화/여가,716412831,20246
2024-10,서울,의료,180739217,3863
2024-10,서울,교육,431393960,9088
2024-10,서울,공과금,656687377,20309
2024-10,서울,여행,217181297,13659
2024-10,경기,식음료,678412096,16104
2024-10,경기,쇼핑,133784492,4796
2024-10,경기,교통,227968815,5518
2024-10,경기,문화/여가,252702478,5649
2024-10,경기,의료,173841280,3777
2024-10,경기,교육,436718404,9809
2024-10,경기,공과금,111321030,3155
2024-10,경기,여행,854185444,38808
2024-10,부산,식음료,81893401,3343
2024-10,부산,쇼핑,36477274,746
2024-10,부산,교통,109224899,6152
2024-10,부산,문화/여가,73099158,1244
2024-10,부산,의료,149765533,4867
2024-10,부산,교육,89504874,2621
2024-10,부산,공과금,177271399,6652
2024-10,부산,여행,59560701,1539
2024-10,인천,식음료,186716016,10914
2024-10,인천,쇼핑,182742962,3251
2024-10,인천,교통,55030065,1200
2024-10,인천,문화/여가,178462260,3549
2024-10,인천,의료,114236997,6263
2024-10,인천,교육,91611694,3267
2024-10,인천,공과금,102247404,2293
2024-10,인천,여행,117497740,3900
2024-10,대구,식음료,119103687,3482
2024-10,대구,쇼핑,100230888,2589
2024-10,대구,교통,29129693,560
2024-10,대구,문화/여가,74437436,2109
2024-10,대구,의료,56209283,1206
2024-10,대구,교육,45798636,1172
2024-10,대구,공과금,67637428,3040
2024-10,대구,여행,73289319,1784
2024-10,대전,식음료,33684699,594
2024-10,대전,쇼핑,53376366,1183
2024-10,대전,교통,17240678,1076
2024-10,대전,문화/여가,115788283,4126
2024-10,대전,의료,54157465,1322
2024-10,대전,교육,28684382,793
2024-10,대전,공과금,54265051,1016
2024-10,대전,여행,40576662,1326
2024-10,광주,식음료,72864804,3143
2024-10,광주,쇼핑,10651054,622
2024-10,광주,교통,56849965,3657
2024-10,광주,문화/여가,13501314,240
2024-10,광주,의료,40645090,1045
2024-10,광주,교육,64300897,1501
2024-10,광주,공과금,74034437,1271
2024-10,광주,여행,19757137,783
2024-10,울산,식음료,20172766,356
2024-10,울산,쇼핑,72837474,3707
2024-10,울산,교통,94216671,3004
2024-10,울산,문화/여가,10080322,323
2024-10,울산,의료,10951669,643
2024-10,울산,교육,5784610,109
2024-10,울산,공과금,23837852,548
2024-10,울산,여행,23783332,628
2024-10,세종,식음료,12986212,356
2024-10,세종,쇼핑,19422449,743
2024-10,세종,교통,16209104,364
2024-10,세종,문화/여가,13347097,242
2024-10,세종,의료,13857967,370
2024-10,세종,교육,11335440,239
2024-10,세종,공과금,37380367,909
2024-10,세종,여행,4792276,81
2024-10,강원,식음료,41363820,1186
2024-10,강원,쇼핑,3257098,81
2024-10,강원,교통,67368694,1162
2024-10,강원,문화/여가,28462340,741
2024-10,강원,의료,29043263,545
2024-10,강원,교육,33449244,648
2024-10,강원,공과금,28626791,961
2024-10,강원,여행,12367006,426
2024-10,충북,식음료,22685189,484
2024-10,충북,쇼핑,20587745,464
2024-10,충북,교통,18969955,1236
2024-10,충북,문화/여가,39910903,1048
2024-10,충북,의료,31008968,1444
2024-10,충북,교육,20513708,421
2024-10,충북,공과금,45963746,1527
2024-10,충북,여행,11521004,333
2024-10,충남,식음료,69952084,1413
2024-10,충남,쇼핑,108260556,2646
2024-10,충남,교통,22101231,387
2024-10,충남,문화/여가,38526374,1463
2024-10,충남,의료,52467036,3340
2024-10,충남,교육,75730891,2787
2024-10,충남,공과금,51555699,974
2024-10,충남,여행,47317845,2429
2024-10,전북,식음료,57516576,1754
2024-10,전북,쇼핑,13793281,526
2024-10,전북,교통,18064481,832
2024-10,전북,문화/여가,3496509,80
2024-10,전북,의료,7814851,214
2024-10,전북,교육,40853042,1257
2024-10,전북,공과금,25951121,479
2024-10,전북,여행,39692382,733
2024-10,전남,식음료,24343599,1176
2024-10,전남,쇼핑,36619227,627
2024-10,전남,교통,10025381,212
2024-10,전남,문화/여가,31938199,594
2024-10,전남,의료,46588387,2444
2024-10,전남,교육,29407417,679
2024-10,전남,공과금,25390954,709
2024-10,전남,여행,50397058,999
2024-10,경북,식음료,27164501,1524
2024-10,경북,쇼핑,57741822,3040
2024-10,경북,교통,12308388,219
2024-10,경북,문화/여가,103961287,2156
2024-10,경북,의료,22644147,440
2024-10,경북,교육,62616913,1367
2024-10,경북,공과금,69908616,1817
2024-10,경북,여행,22773942,802
2024-10,경남,식음료,114938463,2635
2024-10,경남,쇼핑,67044434,1537
2024-10,경남,교통,108180084,3721
2024-10,경남,문화/여가,69571373,1242
2024-10,경남,의료,40438138,691
2024-10,경남,교육,27261900,739
2024-10,경남,공과금,198863184,4514
2024-10,경남,여행,44295954,1438
2024-10,제주,식음료,9910835,369
2024-10,제주,쇼핑,26265087,1154
2024-10,제주,교통,16551484,899
2024-10,제주,문화/여가,49892111,1832
2024-10,제주,의료,66500234,1199
2024-10,제주,교육,11896617,238
2024-10,제주,공과금,17063165,548
2024-10,제주,여행,39636303,1169
2024-11,서울,식음료,770541505,18184
2024-11,서울,쇼핑,240153468,5351
2024-11,서울,교통,630878339,10606
2024-11,서울,문화/여가,486019257,9142
2024-11,서울,의료,474106887,10053
2024-11,서울,교육,154656280,7547
2024-11,서울,공과금,495136560,29496
2024-11,서울,여행,834771279,19878
2024-11,경기,식음료,367827943,7213
2024-11,경기,쇼핑,631852464,33888
2024-11,경기,교통,442776555,8366
2024-11,경기,문화/여가,263131123,8615
2024-11,경기,의료,286084178,5056
2024-11,경기,교육,93114046,2221
2024-11,경기,공과금,417580782,8500
2024-11,경기,여행,640995570,15166
2024-11,부산,식음료,233690244,8382
2024-11,부산,쇼핑,233800661,4681
2024-11,부산,교통,174546929,3349
2024-11,부산,문화/여가,128479565,2212
2024-11,부산,의료,104188267,4018
2024-11,부산,교육,86884848,4857
2024-11,부산,공과금,52440409,3078
2024-11,부산,여행,84489198,2301
2024-11,인천,식음료,134454422,5964
2024-11,인천,쇼핑,61904225,2435
2024-11,인천,교통,97027033,3003
2024-11,인천,문화/여가,53516546,1368
2024-11,인천,의료,79072600,2467
2024-11,인천,교육,30296114,1444
2024-11,인천,공과금,53241556,1188
2024-11,인천,여행,65945932,1695
2024-11,대구,식음료,41855503,1607
2024-11,대구,쇼핑,79342395,1918
2024-11,대구,교통,19649898,1259
2024-11,대구,문화/여가,95223957,1686
2024-11,대구,의료,97933907,4565
2024-11,대구,교육,71223517,2850
2024-11,대구,공과금,44196710,779
2024-11,대구,여행,55913208,1830
2024-11,대전,식음료,78189144,1400
2024-11,대전,쇼핑,50041637,1823
2024-11,대전,교통,36319011,706
2024-11,대전,문화/여가,29791803,839
2024-11,대전,의료,56110153,1631
2024-11,대전,교육,54840082,3592
2024-11,대전,공과금,61023229,2090
2024-11,대전,여행,22585014,602
2024-11,광주,식음료,36129837,872
2024-11,광주,쇼핑,28117843,1788
2024-11,광주,교통,66234164,2080
2024-11,광주,문화/여가,96468448,1640
2024-11,광주,의료,54554273,1710
2024-11,광주,교육,49815915,2725
2024-11,광주,공과금,7750787,167
2024-11,광주,여행,142427160,2444
2024-11,울산,식음료,29539288,498
2024-11,울산,쇼핑,44107280,1943
2024-11,울산,교통,9906516,180
2024-11,울산,문화/여가,12877381,235
2024-11,울산,의료,12833518,223
2024-11,울산,교육,27601707,841
2024-11,울산,공과금,11273635,332
2024-11,울산,여행,17610616,475
2024-11,세종,식음료,19589148,1052
2024-11,세종,쇼핑,29061160,1010
2024-11,세종,교통,2921487,50
2024-11,세종,문화/여가,6863663,158
2024-11,세종,의료,19064759,1193
2024-11,세종,교육,17821589,410
2024-11,세종,공과금,21129169,1140
2024-11,세종,여행,7538402,156
2024-11,강원,식음료,30749123,637
2024-11,강원,쇼핑,28030675,540
2024-11,강원,교통,50977930,1276
2024-11,강원,문화/여가,56718237,2684
2024-11,강원,의료,40615470,797
2024-11,강원,교육,32221987,612
2024-11,강원,공과금,53799877,2833
2024-11,강원,여행,14543684,308
2024-11,충북,식음료,20635235,953
2024-11,충북,쇼핑,21141875,419
2024-11,충북,교통,23380258,488
2024-11,충북,문화/여가,16178868,376
2024-11,충북,의료,12818967,305
2024-11,충북,교육,11209097,526
2024-11,충북,공과금,34463580,814
2024-11,충북,여행,31415066,602
2024-11,충남,식음료,30937446,1897
2024-11,충남,쇼핑,132870666,4076
2024-11,충남,교통,3474639,181
2024-11,충남,문화/여가,57007982,1037
2024-11,충남,의료,52628134,1751
2024-11,충남,교육,54144578,1667
2024-11,충남,공과금,77358658,3151
2024-11,충남,여행,32822534,1735
2024-11,전북,식음료,22360997,916
2024-11,전북,쇼핑,33888463,682
2024-11,전북,교통,25438219,1140
2024-11,전북,문화/여가,52466200,1407
2024-11,전북,의료,25505537,613
2024-11,전북,교육,23467751,866
2024-11,전북,공과금,37804495,1134
2024-11,전북,여행,75518481,1486
2024-11,전남,식음료,23932999,1051
2024-11,전남,쇼핑,24065620,540
2024-11,전남,교통,86236526,1737
2024-11,전남,문화/여가,25301372,1482
2024-11,전남,의료,11062868,194
2024-11,전남,교육,29246067,1332
2024-11,전남,공과금,41942985,896
2024-11,전남,여행,20214116,488
2024-11,경북,식음료,23255445,565
2024-11,경북,쇼핑,29134118,521
2024-11,경북,교통,102106751,3802
2024-11,경북,문화/여가,55076878,1502
2024-11,경북,의료,31632307,726
2024-11,경북,교육,50514575,1364
2024-11,경북,공과금,5936537,182
2024-11,경북,여행,37008744,738
2024-11,경남,식음료,162601276,9415
2024-11,경남,쇼핑,40355212,1477
2024-11,경남,교통,116221242,3256
2024-11,경남,문화/여가,110220108,2650
2024-11,경남,의료,38957565,899
2024-11,경남,교육,33336138,1130
2024-11,경남,공과금,108674593,2825
2024-11,경남,여행,26459080,606
2024-11,제주,식음료,23939764,713
2024-11,제주,쇼핑,76299752,2128
2024-11,제주,교통,16234621,273
2024-11,제주,문화/여가,17294766,762
2024-11,제주,의료,35403277,652
2024-11,제주,교육,13726185,397
2024-11,제주,공과금,1504369,43
2024-11,제주,여행,19001029,695
2024-12,서울,식음료,153283850,3096
2024-12,서울,쇼핑,264636709,11443
2024-12,서울,교통,72806722,3376
2024-12,서울,문화/여가,350810369,10928
2024-12,서울,의료,882856556,17413
2024-12,서울,교육,434643770,8212
2024-12,서울,공과금,571085662,20430
2024-12,서울,여행,298920026,10605
2024-12,경기,식음료,92307132,3068
2024-12,경기,쇼핑,593226409,16642
2024-12,경기,교통,564873364,31716
2024-12,경기,문화/여가,967082430,22088
2024-12,경기,의료,568186709,12552
2024-12,경기,교육,703779035,40803
2024-12,경기,공과금,188740167,10879
2024-12,경기,여행,346501468,11933
2024-12,부산,식음료,91777896,1810
2024-12,부산,쇼핑,234912052,9338
2024-12,부산,교통,121433176,7027
2024-12,부산,문화/여가,40025124,687
2024-12,부산,의료,48549281,2192
2024-12,부산,교육,17212144,722
2024-12,부산,공과금,190183635,3523
2024-12,부산,여행,198779474,11882
2024-12,인천,식음료,117881622,3871
2024-12,인천,쇼핑,301889357,7987
2024-12,인천,교통,21546979,647
2024-12,인천,문화/여가,186235058,4800
2024-12,인천,의료,112646090,3532
2024-12,인천,교육,197070345,6462
2024-12,인천,공과금,197250953,3770
2024-12,인천,여행,116297757,2224
2024-12,대구,식음료,50235329,1012
2024-12,대구,쇼핑,72390579,4800
2024-12,대구,교통,61055457,2744
2024-12,대구,문화/여가,80474286,2659
2024-12,대구,의료,98062146,5998
2024-12,대구,교육,100370254,2015
2024-12,대구,공과금,55895000,3552
2024-12,대구,여행,25575956,986
2024-12,대전,식음료,50932207,912
2024-12,대전,쇼핑,35886701,820
2024-12,대전,교통,29915519,1051
2024-12,대전,문화/여가,94300507,2348
2024-12,대전,의료,67236558,1345
2024-12,대전,교육,85842646,3679
2024-12,대전,공과금,73548656,2531
2024-12,대전,여행,44581522,1000
2024-12,광주,식음료,58654920,1028
2024-12,광주,쇼핑,37189130,1034
2024-12,광주,교통,23961746,1290
2024-12,광주,문화/여가,32410132,919
2024-12,광주,의료,103451592,1745
2024-12,광주,교육,48109342,1834
2024-12,광주,공과금,13793738,230
2024-12,광주,여행,22586214,1055
2024-12,울산,식음료,53591579,2739
2024-12,울산,쇼핑,23714985,767
2024-12,울산,교통,28339658,778
2024-12,울산,문화/여가,33427054,703
2024-12,울산,의료,75816625,3980
2024-12,울산,교육,10836467,184
2024-12,울산,공과금,18676426,560
2024-12,울산,여행,6155728,201
2024-12,세종,식음료,6161701,260
2024-12,세종,쇼핑,14852457,577
2024-12,세종,교통,4003189,181
2024-12,세종,문화/여가,6549038,196
2024-12,세종,의료,23211554,723
2024-12,세종,교육,10680784,684
2024-12,세종,공과금,11581434,294
2024-12,세종,여행,22158129,981
2024-12,강원,식음료,17411347,420
2024-12,강원,쇼핑,13796573,406
2024-12,강원,교통,27930709,924
2024-12,강원,문화/여가,33288139,904
2024-12,강원,의료,10880014,240
2024-12,강원,교육,55416787,1221
2024-12,강원,공과금,16202544,611
2024-12,강원,여행,14330272,755
2024-12,충북,식음료,58724708,1096
2024-12,충북,쇼핑,36530230,707
2024-12,충북,교통,83422000,5356
2024-12,충북,문화/여가,28000663,1146
2024-12,충북,의료,13739473,290
2024-12,충북,교육,22316215,1366
2024-12,충북,공과금,43475554,854
2024-12,충북,여행,4557277,88
2024-12,충남,식음료,57778656,1034
2024-12,충남,쇼핑,71407564,3716
2024-12,충남,교통,77199643,1726
2024-12,충남,문화/여가,47189873,1286
2024-12,충남,의료,24286462,484
2024-12,충남,교육,53621555,1301
2024-12,충남,공과금,35793206,701
2024-12,충남,여행,33975506,788
2024-12,전북,식음료,49937251,1798
2024-12,전북,쇼핑,6062533,138
2024-12,전북,교통,23684405,536
2024-12,전북,문화/여가,18661360,379
2024-12,전북,의료,44548927,816
2024-12,전북,교육,61428318,1691
2024-12,전북,공과금,65394638,1123
2024-12,전북,여행,16911472,326
2024-12,전남,식음료,51888884,1140
2024-12,전남,쇼핑,21968917,775
2024-12,전남,교통,50226897,1865
2024-12,전남,문화/여가,31963380,949
2024-12,전남,의료,29374771,1482
2024-12,전남,교육,50043846,900
2024-12,전남,공과금,98064814,2408
2024-12,전남,여행,23290606,715
2024-12,경북,식음료,37712318,1384
2024-12,경북,쇼핑,56456259,989
2024-12,경북,교통,42835404,1772
2024-12,경북,문화/여가,78066208,4227
2024-12,경북,의료,102983298,2930
2024-12,경북,교육,27487911,477
2024-12,경북,공과금,72426065,1721
2024-12,경북,여행,67870244,1638
2024-12,경남,식음료,41316261,1409
2024-12,경남,쇼핑,113049299,2037
2024-12,경남,교통,60413527,1710
2024-12,경남,문화/여가,81760540,3610
2024-12,경남,의료,53639812,1739
2024-12,경남,교육,88335141,5740
2024-12,경남,공과금,118051488,6070
2024-12,경남,여행,98892935,2375
2024-12,제주,식음료,46085659,1296
2024-12,제주,쇼핑,20679633,490
2024-12,제주,교통,30466746,786
2024-12,제주,문화/여가,9411131,212
2024-12,제주,의료,20763345,1216
2024-12,제주,교육,62080176,2388
2024-12,제주,공과금,66571525,1372
2024-12,제주,여행,63892801,3079
